-- Generated by Craft v2.6.2962 on Feb 19, 2017, 10:07:39 AM.

--
-- Disable foreign key checks and autocommit.
--

SET FOREIGN_KEY_CHECKS = 0;
SET SQL_MODE = "NO_AUTO_VALUE_ON_ZERO";
SET AUTOCOMMIT = 0;
SET NAMES utf8;


DROP TABLE IF EXISTS `craft_assetfiles`;


--
-- Schema for table `craft_assetfiles`
--
CREATE TABLE `craft_assetfiles` (
  `id` int(11) NOT NULL,
  `sourceId` int(11) DEFAULT NULL,
  `folderId` int(11) NOT NULL,
  `filename` varchar(255) COLLATE utf8_unicode_ci NOT NULL,
  `kind` varchar(50) COLLATE utf8_unicode_ci NOT NULL DEFAULT 'unknown',
  `width` int(11) unsigned DEFAULT NULL,
  `height` int(11) unsigned DEFAULT NULL,
  `size` bigint(20) unsigned DEFAULT NULL,
  `dateModified` datetime DEFAULT NULL,
  `dateCreated` datetime NOT NULL,
  `dateUpdated` datetime NOT NULL,
  `uid` char(36) COLLATE utf8_unicode_ci NOT NULL DEFAULT '0',
  PRIMARY KEY (`id`),
  UNIQUE KEY `craft_assetfiles_filename_folderId_unq_idx` (`filename`,`folderId`),
  KEY `craft_assetfiles_sourceId_fk` (`sourceId`),
  KEY `craft_assetfiles_folderId_fk` (`folderId`)
) ENGINE=InnoDB DEFAULT CHARSET=utf8 COLLATE=utf8_unicode_ci;

DROP TABLE IF EXISTS `craft_assetfolders`;


--
-- Schema for table `craft_assetfolders`
--
CREATE TABLE `craft_assetfolders` (
  `id` int(11) NOT NULL AUTO_INCREMENT,
  `parentId` int(11) DEFAULT NULL,
  `sourceId` int(11) DEFAULT NULL,
  `name` varchar(255) COLLATE utf8_unicode_ci NOT NULL,
  `path` varchar(255) COLLATE utf8_unicode_ci DEFAULT NULL,
  `dateCreated` datetime NOT NULL,
  `dateUpdated` datetime NOT NULL,
  `uid` char(36) COLLATE utf8_unicode_ci NOT NULL DEFAULT '0',
  PRIMARY KEY (`id`),
  UNIQUE KEY `craft_assetfolders_name_parentId_sourceId_unq_idx` (`name`,`parentId`,`sourceId`),
  KEY `craft_assetfolders_parentId_fk` (`parentId`),
  KEY `craft_assetfolders_sourceId_fk` (`sourceId`)
) ENGINE=InnoDB DEFAULT CHARSET=utf8 COLLATE=utf8_unicode_ci;

DROP TABLE IF EXISTS `craft_assetindexdata`;


--
-- Schema for table `craft_assetindexdata`
--
CREATE TABLE `craft_assetindexdata` (
  `id` int(11) NOT NULL AUTO_INCREMENT,
  `sessionId` varchar(36) COLLATE utf8_unicode_ci NOT NULL DEFAULT '',
  `sourceId` int(10) NOT NULL,
  `offset` int(10) NOT NULL,
  `uri` varchar(255) COLLATE utf8_unicode_ci DEFAULT NULL,
  `size` varchar(255) COLLATE utf8_unicode_ci DEFAULT NULL,
  `recordId` int(10) DEFAULT NULL,
  `dateCreated` datetime NOT NULL,
  `dateUpdated` datetime NOT NULL,
  `uid` char(36) COLLATE utf8_unicode_ci NOT NULL DEFAULT '0',
  PRIMARY KEY (`id`),
  UNIQUE KEY `craft_assetindexdata_sessionId_sourceId_offset_unq_idx` (`sessionId`,`sourceId`,`offset`),
  KEY `craft_assetindexdata_sourceId_fk` (`sourceId`)
) ENGINE=InnoDB DEFAULT CHARSET=utf8 COLLATE=utf8_unicode_ci;

DROP TABLE IF EXISTS `craft_assetsources`;


--
-- Schema for table `craft_assetsources`
--
CREATE TABLE `craft_assetsources` (
  `id` int(11) NOT NULL AUTO_INCREMENT,
  `name` varchar(255) COLLATE utf8_unicode_ci NOT NULL,
  `handle` varchar(255) COLLATE utf8_unicode_ci NOT NULL,
  `type` varchar(150) COLLATE utf8_unicode_ci NOT NULL,
  `settings` text COLLATE utf8_unicode_ci,
  `sortOrder` smallint(6) unsigned DEFAULT NULL,
  `fieldLayoutId` int(10) DEFAULT NULL,
  `dateCreated` datetime NOT NULL,
  `dateUpdated` datetime NOT NULL,
  `uid` char(36) COLLATE utf8_unicode_ci NOT NULL DEFAULT '0',
  PRIMARY KEY (`id`),
  UNIQUE KEY `craft_assetsources_name_unq_idx` (`name`),
  UNIQUE KEY `craft_assetsources_handle_unq_idx` (`handle`),
  KEY `craft_assetsources_fieldLayoutId_fk` (`fieldLayoutId`)
) ENGINE=InnoDB DEFAULT CHARSET=utf8 COLLATE=utf8_unicode_ci;

DROP TABLE IF EXISTS `craft_assettransformindex`;


--
-- Schema for table `craft_assettransformindex`
--
CREATE TABLE `craft_assettransformindex` (
  `id` int(11) NOT NULL AUTO_INCREMENT,
  `fileId` int(11) NOT NULL,
  `filename` varchar(255) COLLATE utf8_unicode_ci DEFAULT NULL,
  `format` varchar(255) COLLATE utf8_unicode_ci DEFAULT NULL,
  `location` varchar(255) COLLATE utf8_unicode_ci NOT NULL,
  `sourceId` int(11) DEFAULT NULL,
  `fileExists` tinyint(1) DEFAULT NULL,
  `inProgress` tinyint(1) DEFAULT NULL,
  `dateIndexed` datetime DEFAULT NULL,
  `dateCreated` datetime NOT NULL,
  `dateUpdated` datetime NOT NULL,
  `uid` char(36) COLLATE utf8_unicode_ci NOT NULL DEFAULT '0',
  PRIMARY KEY (`id`),
  KEY `craft_assettransformindex_sourceId_fileId_location_idx` (`sourceId`,`fileId`,`location`)
) ENGINE=InnoDB DEFAULT CHARSET=utf8 COLLATE=utf8_unicode_ci;

DROP TABLE IF EXISTS `craft_assettransforms`;


--
-- Schema for table `craft_assettransforms`
--
CREATE TABLE `craft_assettransforms` (
  `id` int(11) NOT NULL AUTO_INCREMENT,
  `name` varchar(255) COLLATE utf8_unicode_ci NOT NULL,
  `handle` varchar(255) COLLATE utf8_unicode_ci NOT NULL,
  `mode` enum('stretch','fit','crop') COLLATE utf8_unicode_ci NOT NULL DEFAULT 'crop',
  `position` enum('top-left','top-center','top-right','center-left','center-center','center-right','bottom-left','bottom-center','bottom-right') COLLATE utf8_unicode_ci NOT NULL DEFAULT 'center-center',
  `height` int(10) DEFAULT NULL,
  `width` int(10) DEFAULT NULL,
  `format` varchar(255) COLLATE utf8_unicode_ci DEFAULT NULL,
  `quality` int(10) DEFAULT NULL,
  `dimensionChangeTime` datetime DEFAULT NULL,
  `dateCreated` datetime NOT NULL,
  `dateUpdated` datetime NOT NULL,
  `uid` char(36) COLLATE utf8_unicode_ci NOT NULL DEFAULT '0',
  PRIMARY KEY (`id`),
  UNIQUE KEY `craft_assettransforms_name_unq_idx` (`name`),
  UNIQUE KEY `craft_assettransforms_handle_unq_idx` (`handle`)
) ENGINE=InnoDB DEFAULT CHARSET=utf8 COLLATE=utf8_unicode_ci;

DROP TABLE IF EXISTS `craft_categories`;


--
-- Schema for table `craft_categories`
--
CREATE TABLE `craft_categories` (
  `id` int(11) NOT NULL,
  `groupId` int(11) NOT NULL,
  `dateCreated` datetime NOT NULL,
  `dateUpdated` datetime NOT NULL,
  `uid` char(36) COLLATE utf8_unicode_ci NOT NULL DEFAULT '0',
  PRIMARY KEY (`id`),
  KEY `craft_categories_groupId_fk` (`groupId`)
) ENGINE=InnoDB DEFAULT CHARSET=utf8 COLLATE=utf8_unicode_ci;

DROP TABLE IF EXISTS `craft_categorygroups`;


--
-- Schema for table `craft_categorygroups`
--
CREATE TABLE `craft_categorygroups` (
  `id` int(11) NOT NULL AUTO_INCREMENT,
  `structureId` int(11) NOT NULL,
  `fieldLayoutId` int(11) DEFAULT NULL,
  `name` varchar(255) COLLATE utf8_unicode_ci NOT NULL,
  `handle` varchar(255) COLLATE utf8_unicode_ci NOT NULL,
  `hasUrls` tinyint(1) unsigned NOT NULL DEFAULT '1',
  `template` varchar(500) COLLATE utf8_unicode_ci DEFAULT NULL,
  `dateCreated` datetime NOT NULL,
  `dateUpdated` datetime NOT NULL,
  `uid` char(36) COLLATE utf8_unicode_ci NOT NULL DEFAULT '0',
  PRIMARY KEY (`id`),
  UNIQUE KEY `craft_categorygroups_name_unq_idx` (`name`),
  UNIQUE KEY `craft_categorygroups_handle_unq_idx` (`handle`),
  KEY `craft_categorygroups_structureId_fk` (`structureId`),
  KEY `craft_categorygroups_fieldLayoutId_fk` (`fieldLayoutId`)
) ENGINE=InnoDB DEFAULT CHARSET=utf8 COLLATE=utf8_unicode_ci;

DROP TABLE IF EXISTS `craft_categorygroups_i18n`;


--
-- Schema for table `craft_categorygroups_i18n`
--
CREATE TABLE `craft_categorygroups_i18n` (
  `id` int(11) NOT NULL AUTO_INCREMENT,
  `groupId` int(11) NOT NULL,
  `locale` char(12) COLLATE utf8_unicode_ci NOT NULL,
  `urlFormat` text COLLATE utf8_unicode_ci,
  `nestedUrlFormat` text COLLATE utf8_unicode_ci,
  `dateCreated` datetime NOT NULL,
  `dateUpdated` datetime NOT NULL,
  `uid` char(36) COLLATE utf8_unicode_ci NOT NULL DEFAULT '0',
  PRIMARY KEY (`id`),
  UNIQUE KEY `craft_categorygroups_i18n_groupId_locale_unq_idx` (`groupId`,`locale`),
  KEY `craft_categorygroups_i18n_locale_fk` (`locale`)
) ENGINE=InnoDB DEFAULT CHARSET=utf8 COLLATE=utf8_unicode_ci;

DROP TABLE IF EXISTS `craft_charge_accounts`;


--
-- Schema for table `craft_charge_accounts`
--
CREATE TABLE `craft_charge_accounts` (
  `id` int(11) NOT NULL AUTO_INCREMENT,
  `userId` int(10) DEFAULT NULL,
  `accessToken` varchar(255) COLLATE utf8_unicode_ci DEFAULT NULL,
  `livemode` tinyint(1) unsigned NOT NULL DEFAULT '0',
  `refreshToken` varchar(255) COLLATE utf8_unicode_ci DEFAULT NULL,
  `tokenType` varchar(255) COLLATE utf8_unicode_ci DEFAULT NULL,
  `stripePublishableKey` varchar(255) COLLATE utf8_unicode_ci DEFAULT NULL,
  `stripeUserId` varchar(255) COLLATE utf8_unicode_ci DEFAULT NULL,
  `scope` varchar(255) COLLATE utf8_unicode_ci DEFAULT NULL,
  `enabled` tinyint(1) unsigned NOT NULL DEFAULT '0',
  `dateCreated` datetime NOT NULL,
  `dateUpdated` datetime NOT NULL,
  `uid` char(36) COLLATE utf8_unicode_ci NOT NULL DEFAULT '0',
  PRIMARY KEY (`id`)
) ENGINE=InnoDB DEFAULT CHARSET=utf8 COLLATE=utf8_unicode_ci;

DROP TABLE IF EXISTS `craft_charge_coupons`;


--
-- Schema for table `craft_charge_coupons`
--
CREATE TABLE `craft_charge_coupons` (
  `id` int(11) NOT NULL AUTO_INCREMENT,
  `stripeId` varchar(255) COLLATE utf8_unicode_ci DEFAULT NULL,
  `name` varchar(255) COLLATE utf8_unicode_ci NOT NULL,
  `code` varchar(255) COLLATE utf8_unicode_ci NOT NULL,
  `paymentType` varchar(255) COLLATE utf8_unicode_ci NOT NULL,
  `couponType` enum('amount','percentage') COLLATE utf8_unicode_ci NOT NULL,
  `percentageOff` int(10) unsigned DEFAULT NULL,
  `amountOff` int(10) unsigned DEFAULT NULL,
  `currency` varchar(255) COLLATE utf8_unicode_ci DEFAULT NULL,
  `duration` enum('forever','once','repeating') COLLATE utf8_unicode_ci DEFAULT NULL,
  `durationInMonths` int(10) unsigned DEFAULT NULL,
  `maxRedemptions` int(10) unsigned DEFAULT NULL,
  `redeemBy` int(10) DEFAULT NULL,
  `dateCreated` datetime NOT NULL,
  `dateUpdated` datetime NOT NULL,
  `uid` char(36) COLLATE utf8_unicode_ci NOT NULL DEFAULT '0',
  PRIMARY KEY (`id`),
  UNIQUE KEY `craft_charge_coupons_code_unq_idx` (`code`)
) ENGINE=InnoDB DEFAULT CHARSET=utf8 COLLATE=utf8_unicode_ci;

DROP TABLE IF EXISTS `craft_charge_customers`;


--
-- Schema for table `craft_charge_customers`
--
CREATE TABLE `craft_charge_customers` (
  `id` int(11) NOT NULL AUTO_INCREMENT,
  `stripeId` varchar(255) COLLATE utf8_unicode_ci DEFAULT NULL,
  `mode` enum('test','live') COLLATE utf8_unicode_ci NOT NULL DEFAULT 'test',
  `userId` int(10) DEFAULT NULL,
  `email` varchar(255) COLLATE utf8_unicode_ci DEFAULT NULL,
  `name` varchar(255) COLLATE utf8_unicode_ci DEFAULT NULL,
  `dateCreated` datetime NOT NULL,
  `dateUpdated` datetime NOT NULL,
  `uid` char(36) COLLATE utf8_unicode_ci NOT NULL DEFAULT '0',
  PRIMARY KEY (`id`)
) ENGINE=InnoDB AUTO_INCREMENT=2 DEFAULT CHARSET=utf8 COLLATE=utf8_unicode_ci;

--
-- Data for table `craft_charge_customers`
--

INSERT INTO `craft_charge_customers` (`id`, `stripeId`, `mode`, `userId`, `email`, `name`, `dateCreated`, `dateUpdated`, `uid`) VALUES
 ('1', 'cus_A99j1Y2mD0AscV', 'test', '1', 'karloestrada@gmail.com', '', '2017-02-19 09:55:50', '2017-02-19 09:55:50', 'acfa0900-4bcb-4ad3-a78d-46cd3850ba70');



DROP TABLE IF EXISTS `craft_charge_emails`;


--
-- Schema for table `craft_charge_emails`
--
CREATE TABLE `craft_charge_emails` (
  `id` int(11) NOT NULL AUTO_INCREMENT,
  `name` varchar(255) COLLATE utf8_unicode_ci NOT NULL,
  `handle` varchar(255) COLLATE utf8_unicode_ci NOT NULL,
  `subject` varchar(255) COLLATE utf8_unicode_ci NOT NULL,
  `to` varchar(255) COLLATE utf8_unicode_ci NOT NULL,
  `bcc` varchar(255) COLLATE utf8_unicode_ci DEFAULT NULL,
  `enabled` tinyint(1) unsigned NOT NULL DEFAULT '0',
  `templatePath` varchar(255) COLLATE utf8_unicode_ci NOT NULL,
  `dateCreated` datetime NOT NULL,
  `dateUpdated` datetime NOT NULL,
  `uid` char(36) COLLATE utf8_unicode_ci NOT NULL DEFAULT '0',
  PRIMARY KEY (`id`),
  UNIQUE KEY `craft_charge_emails_handle_unq_idx` (`handle`)
) ENGINE=InnoDB DEFAULT CHARSET=utf8 COLLATE=utf8_unicode_ci;

DROP TABLE IF EXISTS `craft_charge_guestregister`;


--
-- Schema for table `craft_charge_guestregister`
--
CREATE TABLE `craft_charge_guestregister` (
  `id` int(11) NOT NULL AUTO_INCREMENT,
  `userId` int(10) DEFAULT NULL,
  `chargeId` int(10) DEFAULT NULL,
  `dateCreated` datetime NOT NULL,
  `dateUpdated` datetime NOT NULL,
  `uid` char(36) COLLATE utf8_unicode_ci NOT NULL DEFAULT '0',
  PRIMARY KEY (`id`)
) ENGINE=InnoDB DEFAULT CHARSET=utf8 COLLATE=utf8_unicode_ci;

DROP TABLE IF EXISTS `craft_charge_logs`;


--
-- Schema for table `craft_charge_logs`
--
CREATE TABLE `craft_charge_logs` (
  `id` int(11) NOT NULL AUTO_INCREMENT,
  `mode` enum('test','live','unset') COLLATE utf8_unicode_ci NOT NULL DEFAULT 'test',
  `level` varchar(255) COLLATE utf8_unicode_ci DEFAULT NULL,
  `requestKey` varchar(255) COLLATE utf8_unicode_ci DEFAULT NULL,
  `type` varchar(255) COLLATE utf8_unicode_ci DEFAULT NULL,
  `source` varchar(255) COLLATE utf8_unicode_ci DEFAULT NULL,
  `extra` text COLLATE utf8_unicode_ci,
  `dateCreated` datetime NOT NULL,
  `dateUpdated` datetime NOT NULL,
  `uid` char(36) COLLATE utf8_unicode_ci NOT NULL DEFAULT '0',
  PRIMARY KEY (`id`)
) ENGINE=InnoDB AUTO_INCREMENT=11 DEFAULT CHARSET=utf8 COLLATE=utf8_unicode_ci;

--
-- Data for table `craft_charge_logs`
--

INSERT INTO `craft_charge_logs` (`id`, `mode`, `level`, `requestKey`, `type`, `source`, `extra`, `dateCreated`, `dateUpdated`, `uid`) VALUES
 ('1', 'unset', 'info', 'tsZCfOTax9QzeRrcrahNuvwiwmWTs7ooxN0m', 'Validating connection details.', NULL, '[]', '2017-02-19 07:16:52', '2017-02-19 07:16:52', '4d960633-f6d5-46aa-a67f-66e5bf7203cc'),
 ('2', 'unset', 'info', 'tsZCfOTax9QzeRrcrahNuvwiwmWTs7ooxN0m', 'Validating connection details.', NULL, '[]', '2017-02-19 07:16:53', '2017-02-19 07:16:53', '278bf98a-69cb-495d-b372-5604d33db7bc'),
 ('3', 'unset', 'info', 'tsZCfOTax9QzeRrcrahNuvwiwmWTs7ooxN0m', 'Validating connection details.', NULL, '[]', '2017-02-19 07:16:54', '2017-02-19 07:16:54', '444bdff5-43a3-4afe-ab0e-2b2ab4e62fb8'),
 ('4', 'test', 'request', 'gkiMApWA4BKNoz6aivcZmr9PTkuutGFF89NE', 'Charge request started ', NULL, '[]', '2017-02-19 09:55:48', '2017-02-19 09:55:48', 'cf5c165c-6b1e-4f29-847b-a95f41c0368d'),
 ('5', 'test', 'api', 'gkiMApWA4BKNoz6aivcZmr9PTkuutGFF89NE', 'Created Customer', NULL, '{\"customer\":{\"id\":\"1\",\"stripeId\":\"cus_A99j1Y2mD0AscV\",\"mode\":\"test\",\"userId\":\"1\",\"email\":\"karloestrada@gmail.com\",\"name\":\"\",\"stripe\":{\"id\":\"cus_A99j1Y2mD0AscV\",\"object\":\"customer\",\"account_balance\":0,\"created\":1487498150,\"currency\":null,\"default_source\":null,\"delinquent\":0,\"description\":null,\"discount\":null,\"email\":\"karloestrada@gmail.com\",\"livemode\":0,\"metadata\":{\"Craft User Id\":\"1\"},\"shipping\":null,\"sources\":{\"object\":\"list\",\"data\":[],\"has_more\":0,\"total_count\":0,\"url\":\"\\/v1\\/customers\\/cus_A99j1Y2mD0AscV\\/sources\"},\"subscriptions\":{\"object\":\"list\",\"data\":[],\"has_more\":0,\"total_count\":0,\"url\":\"\\/v1\\/customers\\/cus_A99j1Y2mD0AscV\\/subscriptions\"}},\"dateCreated\":null,\"__model__\":\"Craft\\\\Charge_CustomerModel\"}}', '2017-02-19 09:55:50', '2017-02-19 09:55:50', '4115ae25-0c8c-474c-b5fd-4ea676bd1bed'),
 ('6', 'test', 'success', 'gkiMApWA4BKNoz6aivcZmr9PTkuutGFF89NE', 'Charge Successfully Completed', NULL, '{\"charge\":{\"id\":\"5\",\"enabled\":1,\"archived\":0,\"locale\":\"en_us\",\"localeEnabled\":1,\"slug\":\"1ac5ec6dda850828b1ddae35ea7fde37\",\"uri\":\"thanks\\/1ac5ec6dda850828b1ddae35ea7fde37\",\"dateCreated\":\"2017-02-19 09:55:53\",\"dateUpdated\":\"2017-02-19 09:55:53\",\"root\":null,\"lft\":null,\"rgt\":null,\"level\":null,\"searchScore\":null,\"customerId\":\"1\",\"userId\":\"1\",\"type\":\"one-off\",\"mode\":\"test\",\"customerName\":null,\"customerEmail\":\"karloestrada@gmail.com\",\"description\":null,\"hash\":\"1ac5ec6dda850828b1ddae35ea7fde37\",\"notes\":null,\"meta\":[],\"sourceUrl\":\"charge\\/checkout\",\"timestamp\":\"2017-02-19 09:55:53\",\"cardId\":null,\"cardToken\":\"tok_19orPyH0iG4e7myPTn1GGYBr\",\"cardName\":null,\"cardAddressLine1\":null,\"cardAddressLine2\":null,\"cardAddressCity\":null,\"cardAddressState\":null,\"cardAddressZip\":null,\"cardAddressCountry\":null,\"cardLast4\":null,\"cardType\":null,\"cardExpMonth\":null,\"cardExpYear\":null,\"planAmount\":99.99,\"planAmountInCents\":9999,\"planCurrency\":\"AUD\",\"planInterval\":null,\"planIntervalCount\":null,\"planName\":null,\"planDiscount\":null,\"planFullAmount\":null,\"planChoice\":null,\"planOpts\":null,\"hasDiscount\":0,\"coupon\":null,\"planCoupon\":null,\"couponStripeId\":null,\"stripeAccountBalance\":null,\"actions\":null,\"content\":null,\"request\":{\"planAmount\":99.99,\"planCurrency\":\"AUD\",\"planAmountInCents\":9999,\"planName\":null,\"planDiscount\":null,\"planFullAmount\":null,\"planChoice\":null,\"planOpts\":null,\"planInterval\":null,\"planIntervalCount\":null,\"cardName\":null,\"cardAddressLine1\":null,\"cardAddressLine2\":null,\"cardAddressCity\":null,\"cardAddressState\":null,\"cardAddressZip\":null,\"cardAddressCountry\":null,\"cardLast4\":null,\"cardType\":null,\"cardExpMonth\":null,\"cardExpYear\":null,\"coupon\":null,\"couponStripeId\":null,\"stripeAccountBalance\":null},\"createAccount\":null,\"user\":null,\"eagerpayments\":null,\"currency\":null,\"amount\":null,\"__model__\":\"Craft\\\\ChargeModel\"}}', '2017-02-19 09:55:54', '2017-02-19 09:55:54', 'b5042043-35eb-4912-988c-abe9356eba3d'),
 ('7', 'test', 'request', '0cworDWPqCRGAO90Jg1gGiRIs00glYT8TSCv', 'Charge request started ', NULL, '[]', '2017-02-19 09:59:43', '2017-02-19 09:59:43', '19d42be2-58d3-4334-9765-3dd67306a5ea'),
 ('8', 'test', 'api', '0cworDWPqCRGAO90Jg1gGiRIs00glYT8TSCv', 'Updated stripe customer details', NULL, '{\"customer\":{\"id\":\"1\",\"stripeId\":\"cus_A99j1Y2mD0AscV\",\"mode\":\"test\",\"userId\":\"1\",\"email\":\"karloestrada@gmail.com\",\"name\":\"\",\"stripe\":{\"id\":\"cus_A99j1Y2mD0AscV\",\"object\":\"customer\",\"account_balance\":0,\"created\":1487498150,\"currency\":null,\"default_source\":\"card_19orPyH0iG4e7myP1Jwa93ap\",\"delinquent\":0,\"description\":null,\"discount\":null,\"email\":\"karloestrada@gmail.com\",\"livemode\":0,\"metadata\":{\"Craft User Id\":\"1\"},\"shipping\":null,\"sources\":{\"object\":\"list\",\"data\":[{\"id\":\"card_19orPyH0iG4e7myP1Jwa93ap\",\"object\":\"card\",\"address_city\":null,\"address_country\":null,\"address_line1\":null,\"address_line1_check\":null,\"address_line2\":null,\"address_state\":null,\"address_zip\":null,\"address_zip_check\":null,\"brand\":\"Visa\",\"country\":\"US\",\"customer\":\"cus_A99j1Y2mD0AscV\",\"cvc_check\":\"pass\",\"dynamic_last4\":null,\"exp_month\":12,\"exp_year\":2021,\"fingerprint\":\"zVyeALBtRuRtjadb\",\"funding\":\"credit\",\"last4\":\"4242\",\"metadata\":[],\"name\":\"karloestrada@gmail.com\",\"tokenization_method\":null}],\"has_more\":0,\"total_count\":1,\"url\":\"\\/v1\\/customers\\/cus_A99j1Y2mD0AscV\\/sources\"},\"subscriptions\":{\"object\":\"list\",\"data\":[],\"has_more\":0,\"total_count\":0,\"url\":\"\\/v1\\/customers\\/cus_A99j1Y2mD0AscV\\/subscriptions\"}},\"dateCreated\":\"2017-02-19 09:55:50\",\"__model__\":\"Craft\\\\Charge_CustomerModel\"}}', '2017-02-19 09:59:45', '2017-02-19 09:59:45', '7b5c0ae1-5ff9-4bf1-bfcb-e1a430c68821'),
 ('9', 'test', 'api', '0cworDWPqCRGAO90Jg1gGiRIs00glYT8TSCv', 'Found existing customer', NULL, '{\"customer\":{\"id\":\"1\",\"stripeId\":\"cus_A99j1Y2mD0AscV\",\"mode\":\"test\",\"userId\":\"1\",\"email\":\"karloestrada@gmail.com\",\"name\":\"\",\"stripe\":{\"id\":\"cus_A99j1Y2mD0AscV\",\"object\":\"customer\",\"account_balance\":0,\"created\":1487498150,\"currency\":null,\"default_source\":\"card_19orPyH0iG4e7myP1Jwa93ap\",\"delinquent\":0,\"description\":null,\"discount\":null,\"email\":\"karloestrada@gmail.com\",\"livemode\":0,\"metadata\":{\"Craft User Id\":\"1\"},\"shipping\":null,\"sources\":{\"object\":\"list\",\"data\":[{\"id\":\"card_19orPyH0iG4e7myP1Jwa93ap\",\"object\":\"card\",\"address_city\":null,\"address_country\":null,\"address_line1\":null,\"address_line1_check\":null,\"address_line2\":null,\"address_state\":null,\"address_zip\":null,\"address_zip_check\":null,\"brand\":\"Visa\",\"country\":\"US\",\"customer\":\"cus_A99j1Y2mD0AscV\",\"cvc_check\":\"pass\",\"dynamic_last4\":null,\"exp_month\":12,\"exp_year\":2021,\"fingerprint\":\"zVyeALBtRuRtjadb\",\"funding\":\"credit\",\"last4\":\"4242\",\"metadata\":[],\"name\":\"karloestrada@gmail.com\",\"tokenization_method\":null}],\"has_more\":0,\"total_count\":1,\"url\":\"\\/v1\\/customers\\/cus_A99j1Y2mD0AscV\\/sources\"},\"subscriptions\":{\"object\":\"list\",\"data\":[],\"has_more\":0,\"total_count\":0,\"url\":\"\\/v1\\/customers\\/cus_A99j1Y2mD0AscV\\/subscriptions\"}},\"dateCreated\":\"2017-02-19 09:55:50\",\"__model__\":\"Craft\\\\Charge_CustomerModel\"}}', '2017-02-19 09:59:45', '2017-02-19 09:59:45', '7ffd2762-33f6-4d62-aa3a-e96f2e646e30'),
 ('10', 'test', 'success', '0cworDWPqCRGAO90Jg1gGiRIs00glYT8TSCv', 'Charge Successfully Completed', NULL, '{\"charge\":{\"id\":\"7\",\"enabled\":1,\"archived\":0,\"locale\":\"en_us\",\"localeEnabled\":1,\"slug\":\"f5422ede1f0ab7b0c2818fcf4e941dab\",\"uri\":\"thanks\\/f5422ede1f0ab7b0c2818fcf4e941dab\",\"dateCreated\":\"2017-02-19 09:59:49\",\"dateUpdated\":\"2017-02-19 09:59:49\",\"root\":null,\"lft\":null,\"rgt\":null,\"level\":null,\"searchScore\":null,\"customerId\":\"1\",\"userId\":\"1\",\"type\":\"one-off\",\"mode\":\"test\",\"customerName\":null,\"customerEmail\":\"karloestrada@gmail.com\",\"description\":null,\"hash\":\"f5422ede1f0ab7b0c2818fcf4e941dab\",\"notes\":null,\"meta\":[],\"sourceUrl\":\"charge\\/checkout\",\"timestamp\":\"2017-02-19 09:59:49\",\"cardId\":null,\"cardToken\":\"tok_19orTlH0iG4e7myPx4ppvqgu\",\"cardName\":null,\"cardAddressLine1\":null,\"cardAddressLine2\":null,\"cardAddressCity\":null,\"cardAddressState\":null,\"cardAddressZip\":null,\"cardAddressCountry\":null,\"cardLast4\":null,\"cardType\":null,\"cardExpMonth\":null,\"cardExpYear\":null,\"planAmount\":99.99,\"planAmountInCents\":9999,\"planCurrency\":\"AUD\",\"planInterval\":null,\"planIntervalCount\":null,\"planName\":null,\"planDiscount\":null,\"planFullAmount\":null,\"planChoice\":null,\"planOpts\":null,\"hasDiscount\":0,\"coupon\":null,\"planCoupon\":null,\"couponStripeId\":null,\"stripeAccountBalance\":null,\"actions\":null,\"content\":null,\"request\":{\"planAmount\":99.99,\"planCurrency\":\"AUD\",\"planAmountInCents\":9999,\"planName\":null,\"planDiscount\":null,\"planFullAmount\":null,\"planChoice\":null,\"planOpts\":null,\"planInterval\":null,\"planIntervalCount\":null,\"cardName\":null,\"cardAddressLine1\":null,\"cardAddressLine2\":null,\"cardAddressCity\":null,\"cardAddressState\":null,\"cardAddressZip\":null,\"cardAddressCountry\":null,\"cardLast4\":null,\"cardType\":null,\"cardExpMonth\":null,\"cardExpYear\":null,\"coupon\":null,\"couponStripeId\":null,\"stripeAccountBalance\":null},\"createAccount\":null,\"user\":null,\"eagerpayments\":null,\"currency\":null,\"amount\":null,\"__model__\":\"Craft\\\\ChargeModel\"}}', '2017-02-19 09:59:49', '2017-02-19 09:59:49', 'b69b7050-befd-43c5-843d-a43b8818bac1');



DROP TABLE IF EXISTS `craft_charge_membershipsubscription_emails`;


--
-- Schema for table `craft_charge_membershipsubscription_emails`
--
CREATE TABLE `craft_charge_membershipsubscription_emails` (
  `id` int(11) NOT NULL AUTO_INCREMENT,
  `membershipSubscriptionId` int(11) NOT NULL,
  `emailId` int(11) NOT NULL,
  `type` varchar(255) COLLATE utf8_unicode_ci NOT NULL,
  `dateCreated` datetime NOT NULL,
  `dateUpdated` datetime NOT NULL,
  `uid` char(36) COLLATE utf8_unicode_ci NOT NULL DEFAULT '0',
  PRIMARY KEY (`id`),
  KEY `craft_charg_membershipsubscripti_email_membershipSubscription_fk` (`membershipSubscriptionId`),
  KEY `craft_charge_membershipsubscription_emails_emailId_fk` (`emailId`)
) ENGINE=InnoDB DEFAULT CHARSET=utf8 COLLATE=utf8_unicode_ci;

DROP TABLE IF EXISTS `craft_charge_membershipsubscriptions`;


--
-- Schema for table `craft_charge_membershipsubscriptions`
--
CREATE TABLE `craft_charge_membershipsubscriptions` (
  `id` int(11) NOT NULL AUTO_INCREMENT,
  `name` varchar(255) COLLATE utf8_unicode_ci NOT NULL,
  `handle` varchar(255) COLLATE utf8_unicode_ci NOT NULL,
  `enabled` tinyint(1) unsigned NOT NULL DEFAULT '0',
  `activeUserGroup` varchar(255) COLLATE utf8_unicode_ci NOT NULL,
  `dateCreated` datetime NOT NULL,
  `dateUpdated` datetime NOT NULL,
  `uid` char(36) COLLATE utf8_unicode_ci NOT NULL DEFAULT '0',
  PRIMARY KEY (`id`),
  UNIQUE KEY `craft_charge_membershipsubscriptions_handle_unq_idx` (`handle`)
) ENGINE=InnoDB DEFAULT CHARSET=utf8 COLLATE=utf8_unicode_ci;

DROP TABLE IF EXISTS `craft_charge_payments`;


--
-- Schema for table `craft_charge_payments`
--
CREATE TABLE `craft_charge_payments` (
  `id` int(11) NOT NULL,
  `stripeId` varchar(255) COLLATE utf8_unicode_ci DEFAULT NULL,
  `customerId` varchar(255) COLLATE utf8_unicode_ci DEFAULT NULL,
  `mode` enum('test','live') COLLATE utf8_unicode_ci DEFAULT 'test',
  `amount` int(10) DEFAULT NULL,
  `amountRefunded` int(10) DEFAULT NULL,
  `status` varchar(255) COLLATE utf8_unicode_ci DEFAULT NULL,
  `refunded` varchar(255) COLLATE utf8_unicode_ci DEFAULT NULL,
  `paid` varchar(255) COLLATE utf8_unicode_ci DEFAULT NULL,
  `captured` varchar(255) COLLATE utf8_unicode_ci DEFAULT NULL,
  `invoiceId` varchar(255) COLLATE utf8_unicode_ci DEFAULT NULL,
  `receiptEmail` varchar(255) COLLATE utf8_unicode_ci DEFAULT NULL,
  `failureCode` varchar(255) COLLATE utf8_unicode_ci DEFAULT NULL,
  `failureMessage` varchar(255) COLLATE utf8_unicode_ci DEFAULT NULL,
  `currency` varchar(255) COLLATE utf8_unicode_ci DEFAULT NULL,
  `userId` int(10) DEFAULT NULL,
  `chargeId` int(10) DEFAULT NULL,
  `cardName` varchar(255) COLLATE utf8_unicode_ci DEFAULT NULL,
  `cardAddressLine1` varchar(255) COLLATE utf8_unicode_ci DEFAULT NULL,
  `cardAddressLine2` varchar(255) COLLATE utf8_unicode_ci DEFAULT NULL,
  `cardAddressCity` varchar(255) COLLATE utf8_unicode_ci DEFAULT NULL,
  `cardAddressState` varchar(255) COLLATE utf8_unicode_ci DEFAULT NULL,
  `cardAddressZip` varchar(255) COLLATE utf8_unicode_ci DEFAULT NULL,
  `cardAddressCountry` varchar(255) COLLATE utf8_unicode_ci DEFAULT NULL,
  `cardLast4` varchar(255) COLLATE utf8_unicode_ci DEFAULT NULL,
  `cardType` varchar(255) COLLATE utf8_unicode_ci DEFAULT NULL,
  `cardExpMonth` varchar(255) COLLATE utf8_unicode_ci DEFAULT NULL,
  `cardExpYear` varchar(255) COLLATE utf8_unicode_ci DEFAULT NULL,
  `dateCreated` datetime NOT NULL,
  `dateUpdated` datetime NOT NULL,
  `uid` char(36) COLLATE utf8_unicode_ci NOT NULL DEFAULT '0',
  PRIMARY KEY (`id`),
  KEY `craft_charge_payments_chargeId_fk` (`chargeId`),
  KEY `craft_charge_payments_userId_fk` (`userId`)
) ENGINE=InnoDB DEFAULT CHARSET=utf8 COLLATE=utf8_unicode_ci;

--
-- Data for table `craft_charge_payments`
--

INSERT INTO `craft_charge_payments` (`id`, `stripeId`, `customerId`, `mode`, `amount`, `amountRefunded`, `status`, `refunded`, `paid`, `captured`, `invoiceId`, `receiptEmail`, `failureCode`, `failureMessage`, `currency`, `userId`, `chargeId`, `cardName`, `cardAddressLine1`, `cardAddressLine2`, `cardAddressCity`, `cardAddressState`, `cardAddressZip`, `cardAddressCountry`, `cardLast4`, `cardType`, `cardExpMonth`, `cardExpYear`, `dateCreated`, `dateUpdated`, `uid`) VALUES
 ('6', 'ch_19orQ6H0iG4e7myPWCDR6pLh', 'cus_A99j1Y2mD0AscV', 'test', '9999', NULL, 'succeeded', '0', '1', '1', NULL, NULL, NULL, NULL, 'aud', '1', '5', NULL, NULL, NULL, NULL, NULL, NULL, NULL, NULL, NULL, NULL, NULL, '2017-02-19 09:55:54', '2017-02-19 09:55:54', '7f11165b-785c-460f-941b-3e700b9c83fc'),
 ('8', 'ch_19orTtH0iG4e7myPTgc6Aq4B', 'cus_A99j1Y2mD0AscV', 'test', '9999', NULL, 'succeeded', '0', '1', '1', NULL, NULL, NULL, NULL, 'aud', '1', '7', NULL, NULL, NULL, NULL, NULL, NULL, NULL, NULL, NULL, NULL, NULL, '2017-02-19 09:59:49', '2017-02-19 09:59:49', 'c17805b6-692e-4415-9f54-069561b339ed');



DROP TABLE IF EXISTS `craft_charge_subscriber`;


--
-- Schema for table `craft_charge_subscriber`
--
CREATE TABLE `craft_charge_subscriber` (
  `id` int(11) NOT NULL,
  `userId` int(11) NOT NULL,
  `chargeId` int(11) DEFAULT NULL,
  `membershipSubscriptionId` int(11) NOT NULL,
  `status` varchar(255) COLLATE utf8_unicode_ci NOT NULL,
  `dateCreated` datetime NOT NULL,
  `dateUpdated` datetime NOT NULL,
  `uid` char(36) COLLATE utf8_unicode_ci NOT NULL DEFAULT '0',
  PRIMARY KEY (`id`),
  KEY `craft_charge_subscriber_userId_fk` (`userId`),
  KEY `craft_charge_subscriber_chargeId_fk` (`chargeId`),
  KEY `craft_charge_subscriber_membershipSubscriptionId_fk` (`membershipSubscriptionId`)
) ENGINE=InnoDB DEFAULT CHARSET=utf8 COLLATE=utf8_unicode_ci;

DROP TABLE IF EXISTS `craft_charge_subscriptions`;


--
-- Schema for table `craft_charge_subscriptions`
--
CREATE TABLE `craft_charge_subscriptions` (
  `id` int(11) NOT NULL AUTO_INCREMENT,
  `userId` int(11) DEFAULT NULL,
  `customerId` varchar(255) COLLATE utf8_unicode_ci DEFAULT NULL,
  `chargeId` int(10) DEFAULT NULL,
  `stripeId` varchar(255) COLLATE utf8_unicode_ci DEFAULT NULL,
  `mode` enum('test','live') COLLATE utf8_unicode_ci DEFAULT 'test',
  `status` varchar(255) COLLATE utf8_unicode_ci DEFAULT NULL,
  `start` int(10) DEFAULT NULL,
  `cancelAtPeriodEnd` tinyint(1) unsigned NOT NULL DEFAULT '0',
  `currentPeriodStart` int(10) DEFAULT NULL,
  `currentPeriodEnd` int(10) DEFAULT NULL,
  `endedAt` int(10) DEFAULT NULL,
  `trialStart` int(10) DEFAULT NULL,
  `trialEnd` int(10) DEFAULT NULL,
  `canceledAt` int(10) DEFAULT NULL,
  `quantity` int(10) DEFAULT NULL,
  `applicationFeePercent` int(10) DEFAULT NULL,
  `discount` int(10) DEFAULT NULL,
  `taxPercent` int(10) DEFAULT NULL,
  `planAmount` int(10) DEFAULT NULL,
  `planName` varchar(255) COLLATE utf8_unicode_ci DEFAULT NULL,
  `planInterval` varchar(255) COLLATE utf8_unicode_ci DEFAULT NULL,
  `planIntervalCount` int(10) DEFAULT NULL,
  `planTrialPeriodDays` int(10) DEFAULT NULL,
  `planCurrency` varchar(255) COLLATE utf8_unicode_ci DEFAULT NULL,
  `planStripeId` varchar(255) COLLATE utf8_unicode_ci DEFAULT NULL,
  `dateCreated` datetime NOT NULL,
  `dateUpdated` datetime NOT NULL,
  `uid` char(36) COLLATE utf8_unicode_ci NOT NULL DEFAULT '0',
  PRIMARY KEY (`id`),
  KEY `craft_charge_subscriptions_chargeId_fk` (`chargeId`),
  KEY `craft_charge_subscriptions_userId_fk` (`userId`)
) ENGINE=InnoDB DEFAULT CHARSET=utf8 COLLATE=utf8_unicode_ci;

DROP TABLE IF EXISTS `craft_charges`;


--
-- Schema for table `craft_charges`
--
CREATE TABLE `craft_charges` (
  `id` int(11) NOT NULL,
  `userId` int(11) DEFAULT NULL,
  `type` enum('one-off','recurring') COLLATE utf8_unicode_ci NOT NULL,
  `customerId` int(10) DEFAULT NULL,
  `mode` enum('test','live') COLLATE utf8_unicode_ci DEFAULT NULL,
  `sourceUrl` varchar(255) COLLATE utf8_unicode_ci DEFAULT NULL,
  `hash` varchar(255) COLLATE utf8_unicode_ci DEFAULT NULL,
  `request` text COLLATE utf8_unicode_ci,
  `actions` text COLLATE utf8_unicode_ci,
  `meta` text COLLATE utf8_unicode_ci,
  `notes` text COLLATE utf8_unicode_ci,
  `description` varchar(255) COLLATE utf8_unicode_ci DEFAULT NULL,
  `timestamp` datetime DEFAULT NULL,
  `amount` varchar(255) COLLATE utf8_unicode_ci DEFAULT NULL,
  `currency` varchar(255) COLLATE utf8_unicode_ci DEFAULT NULL,
  `dateCreated` datetime NOT NULL,
  `dateUpdated` datetime NOT NULL,
  `uid` char(36) COLLATE utf8_unicode_ci NOT NULL DEFAULT '0',
  PRIMARY KEY (`id`),
  UNIQUE KEY `craft_charges_hash_unq_idx` (`hash`),
  KEY `craft_charges_customerId_idx` (`customerId`),
  KEY `craft_charges_mode_idx` (`mode`),
  KEY `craft_charges_timestamp_idx` (`timestamp`),
  KEY `craft_charges_userId_fk` (`userId`)
) ENGINE=InnoDB DEFAULT CHARSET=utf8 COLLATE=utf8_unicode_ci;

--
-- Data for table `craft_charges`
--

INSERT INTO `craft_charges` (`id`, `userId`, `type`, `customerId`, `mode`, `sourceUrl`, `hash`, `request`, `actions`, `meta`, `notes`, `description`, `timestamp`, `amount`, `currency`, `dateCreated`, `dateUpdated`, `uid`) VALUES
 ('5', '1', 'one-off', '1', 'test', 'charge/checkout', '1ac5ec6dda850828b1ddae35ea7fde37', '{\"planAmount\":99.99,\"planCurrency\":\"AUD\",\"planAmountInCents\":9999,\"planName\":null,\"planDiscount\":null,\"planFullAmount\":null,\"planChoice\":null,\"planOpts\":null,\"planInterval\":null,\"planIntervalCount\":null,\"cardName\":null,\"cardAddressLine1\":null,\"cardAddressLine2\":null,\"cardAddressCity\":null,\"cardAddressState\":null,\"cardAddressZip\":null,\"cardAddressCountry\":null,\"cardLast4\":null,\"cardType\":null,\"cardExpMonth\":null,\"cardExpYear\":null,\"coupon\":null,\"couponStripeId\":null,\"stripeAccountBalance\":null}', NULL, '[]', NULL, NULL, '2017-02-19 09:55:53', NULL, NULL, '2017-02-19 09:55:53', '2017-02-19 09:55:53', 'aea16665-7d21-43b1-b3fb-6301a407811b'),
 ('7', '1', 'one-off', '1', 'test', 'charge/checkout', 'f5422ede1f0ab7b0c2818fcf4e941dab', '{\"planAmount\":99.99,\"planCurrency\":\"AUD\",\"planAmountInCents\":9999,\"planName\":null,\"planDiscount\":null,\"planFullAmount\":null,\"planChoice\":null,\"planOpts\":null,\"planInterval\":null,\"planIntervalCount\":null,\"cardName\":null,\"cardAddressLine1\":null,\"cardAddressLine2\":null,\"cardAddressCity\":null,\"cardAddressState\":null,\"cardAddressZip\":null,\"cardAddressCountry\":null,\"cardLast4\":null,\"cardType\":null,\"cardExpMonth\":null,\"cardExpYear\":null,\"coupon\":null,\"couponStripeId\":null,\"stripeAccountBalance\":null}', NULL, '[]', NULL, NULL, '2017-02-19 09:59:49', NULL, NULL, '2017-02-19 09:59:49', '2017-02-19 09:59:49', '40876612-8a64-40e0-81a4-456c1e3a2083');



DROP TABLE IF EXISTS `craft_content`;


--
-- Schema for table `craft_content`
--
CREATE TABLE `craft_content` (
  `id` int(11) NOT NULL AUTO_INCREMENT,
  `elementId` int(11) NOT NULL,
  `locale` char(12) COLLATE utf8_unicode_ci NOT NULL,
  `title` varchar(255) COLLATE utf8_unicode_ci DEFAULT NULL,
  `field_body` text COLLATE utf8_unicode_ci,
  `dateCreated` datetime NOT NULL,
  `dateUpdated` datetime NOT NULL,
  `uid` char(36) COLLATE utf8_unicode_ci NOT NULL DEFAULT '0',
  PRIMARY KEY (`id`),
  UNIQUE KEY `craft_content_elementId_locale_unq_idx` (`elementId`,`locale`),
  KEY `craft_content_title_idx` (`title`),
  KEY `craft_content_locale_fk` (`locale`)
) ENGINE=InnoDB AUTO_INCREMENT=7 DEFAULT CHARSET=utf8 COLLATE=utf8_unicode_ci;

--
-- Data for table `craft_content`
--

INSERT INTO `craft_content` (`id`, `elementId`, `locale`, `title`, `field_body`, `dateCreated`, `dateUpdated`, `uid`) VALUES
 ('1', '1', 'en_us', NULL, NULL, '2017-02-19 06:49:58', '2017-02-19 06:49:58', 'd1ea596c-253e-4067-b6d8-deaaeb803efc'),
 ('2', '2', 'en_us', 'Welcome to Crafthub.dev!', '<p>It’s true, this site doesn’t have a whole lot of content yet, but don’t worry. Our web developers have just installed the CMS, and they’re setting things up for the content editors this very moment. Soon Crafthub.dev will be an oasis of fresh perspectives, sharp analyses, and astute opinions that will keep you coming back again and again.</p>', '2017-02-19 06:50:01', '2017-02-19 06:50:01', 'a0344bd9-ff8e-43a7-845b-9e1c129c7d8e'),
 ('3', '3', 'en_us', 'We just installed Craft!', '<p>Craft is the CMS that’s powering Crafthub.dev. It’s beautiful, powerful, flexible, and easy-to-use, and it’s made by Pixel &amp; Tonic. We can’t wait to dive in and see what it’s capable of!</p><!--pagebreak--><p>This is even more captivating content, which you couldn’t see on the News index page because it was entered after a Page Break, and the News index template only likes to show the content on the first page.</p><p>Craft: a nice alternative to Word, if you’re making a website.</p>', '2017-02-19 06:50:01', '2017-02-19 06:50:01', '24f82f79-c907-41c7-a67b-7828690ce266'),
 ('4', '4', 'en_us', 'Charge Payment', NULL, '2017-02-19 09:23:31', '2017-02-19 09:52:26', 'd903ad49-0780-4b8a-8add-48e220f27ecf'),
 ('5', '5', 'en_us', NULL, NULL, '2017-02-19 09:55:53', '2017-02-19 09:55:53', '1a9071ae-01b6-4517-84af-345da8cc581f'),
 ('6', '7', 'en_us', NULL, NULL, '2017-02-19 09:59:49', '2017-02-19 09:59:49', 'b5365675-ec2e-4a7e-8e8a-12f751305bda');



DROP TABLE IF EXISTS `craft_deprecationerrors`;


--
-- Schema for table `craft_deprecationerrors`
--
CREATE TABLE `craft_deprecationerrors` (
  `id` int(11) NOT NULL AUTO_INCREMENT,
  `key` varchar(255) COLLATE utf8_unicode_ci NOT NULL,
  `fingerprint` varchar(255) COLLATE utf8_unicode_ci NOT NULL,
  `lastOccurrence` datetime NOT NULL,
  `file` varchar(255) COLLATE utf8_unicode_ci NOT NULL,
  `line` smallint(6) unsigned NOT NULL,
  `class` varchar(255) COLLATE utf8_unicode_ci DEFAULT NULL,
  `method` varchar(255) COLLATE utf8_unicode_ci DEFAULT NULL,
  `template` varchar(255) COLLATE utf8_unicode_ci DEFAULT NULL,
  `templateLine` smallint(6) unsigned DEFAULT NULL,
  `message` varchar(255) COLLATE utf8_unicode_ci DEFAULT NULL,
  `traces` text COLLATE utf8_unicode_ci,
  `dateCreated` datetime NOT NULL,
  `dateUpdated` datetime NOT NULL,
  `uid` char(36) COLLATE utf8_unicode_ci NOT NULL DEFAULT '0',
  PRIMARY KEY (`id`),
  UNIQUE KEY `craft_deprecationerrors_key_fingerprint_unq_idx` (`key`,`fingerprint`)
) ENGINE=InnoDB AUTO_INCREMENT=3 DEFAULT CHARSET=utf8 COLLATE=utf8_unicode_ci;

--
-- Data for table `craft_deprecationerrors`
--

INSERT INTO `craft_deprecationerrors` (`id`, `key`, `fingerprint`, `lastOccurrence`, `file`, `line`, `class`, `method`, `template`, `templateLine`, `message`, `traces`, `dateCreated`, `dateUpdated`, `uid`) VALUES
 ('1', 'getBuild()', 'Craft\\AppBehavior:149', '2017-02-19 06:50:19', '/Applications/MAMP/htdocs/crafthub/craft/app/etc/behaviors/AppBehavior.php', '149', 'Craft\\AppBehavior', 'getBuild', NULL, NULL, 'craft()->getBuild() has been deprecated. As of Craft 2.6.2951, craft()->getVersion() returns the complete version number (X.Y.Z).', '[{\"objectClass\":\"Craft\\\\DeprecatorService\",\"file\":\"\\/Applications\\/MAMP\\/htdocs\\/crafthub\\/craft\\/app\\/etc\\/behaviors\\/AppBehavior.php\",\"line\":149,\"class\":\"Craft\\\\DeprecatorService\",\"method\":\"log\",\"args\":\"\\\"getBuild()\\\", \\\"craft()->getBuild() has been deprecated. As of Craft 2.6.2951, c...\\\"\"},{\"objectClass\":\"Craft\\\\AppBehavior\",\"file\":null,\"line\":null,\"class\":\"Craft\\\\AppBehavior\",\"method\":\"getBuild\",\"args\":null},{\"objectClass\":null,\"file\":\"\\/Applications\\/MAMP\\/htdocs\\/crafthub\\/craft\\/app\\/framework\\/base\\/CComponent.php\",\"line\":261,\"class\":null,\"method\":\"call_user_func_array\",\"args\":\"array(Craft\\\\AppBehavior, \\\"getBuild\\\"), array()\"},{\"objectClass\":\"Craft\\\\WebApp\",\"file\":\"\\/Applications\\/MAMP\\/htdocs\\/crafthub\\/craft\\/plugins\\/charge\\/etc\\/Charge_Edition.php\",\"line\":54,\"class\":\"CComponent\",\"method\":\"__call\",\"args\":\"\\\"getBuild\\\", array()\"},{\"objectClass\":\"Craft\\\\WebApp\",\"file\":\"\\/Applications\\/MAMP\\/htdocs\\/crafthub\\/craft\\/plugins\\/charge\\/etc\\/Charge_Edition.php\",\"line\":54,\"class\":\"Craft\\\\WebApp\",\"method\":\"getBuild\",\"args\":null},{\"objectClass\":\"Craft\\\\Charge_Edition\",\"file\":\"\\/Applications\\/MAMP\\/htdocs\\/crafthub\\/craft\\/plugins\\/charge\\/services\\/Charge_LicenseService.php\",\"line\":35,\"class\":\"Craft\\\\Charge_Edition\",\"method\":\"__construct\",\"args\":\"\\\"https:\\/\\/squarebit.co.uk\\/actions\\/licensor\\/edition\\/ping\\\", \\\"Charge\\\", \\\"2.1.8\\\", null\"},{\"objectClass\":\"Craft\\\\Charge_LicenseService\",\"file\":\"\\/Applications\\/MAMP\\/htdocs\\/crafthub\\/craft\\/plugins\\/charge\\/ChargePlugin.php\",\"line\":10,\"class\":\"Craft\\\\Charge_LicenseService\",\"method\":\"ping\",\"args\":null},{\"objectClass\":\"Craft\\\\ChargePlugin\",\"file\":\"\\/Applications\\/MAMP\\/htdocs\\/crafthub\\/craft\\/app\\/services\\/PluginsService.php\",\"line\":152,\"class\":\"Craft\\\\ChargePlugin\",\"method\":\"init\",\"args\":null},{\"objectClass\":\"Craft\\\\PluginsService\",\"file\":\"\\/Applications\\/MAMP\\/htdocs\\/crafthub\\/craft\\/app\\/etc\\/web\\/WebApp.php\",\"line\":257,\"class\":\"Craft\\\\PluginsService\",\"method\":\"loadPlugins\",\"args\":null},{\"objectClass\":\"Craft\\\\WebApp\",\"file\":\"\\/Applications\\/MAMP\\/htdocs\\/crafthub\\/craft\\/app\\/framework\\/base\\/CApplication.php\",\"line\":185,\"class\":\"Craft\\\\WebApp\",\"method\":\"processRequest\",\"args\":null},{\"objectClass\":\"Craft\\\\WebApp\",\"file\":\"\\/Applications\\/MAMP\\/htdocs\\/crafthub\\/craft\\/app\\/index.php\",\"line\":62,\"class\":\"CApplication\",\"method\":\"run\",\"args\":null},{\"objectClass\":null,\"file\":\"\\/Applications\\/MAMP\\/htdocs\\/crafthub\\/html\\/index.php\",\"line\":19,\"class\":null,\"method\":\"require_once\",\"args\":\"\\\"\\/Applications\\/MAMP\\/htdocs\\/crafthub\\/craft\\/app\\/index.php\\\"\"}]', '2017-02-19 06:50:16', '2017-02-19 06:50:19', '690816cf-c8b0-4ef9-9927-372000d93556');



DROP TABLE IF EXISTS `craft_elementindexsettings`;


--
-- Schema for table `craft_elementindexsettings`
--
CREATE TABLE `craft_elementindexsettings` (
  `id` int(11) NOT NULL AUTO_INCREMENT,
  `type` varchar(150) COLLATE utf8_unicode_ci NOT NULL,
  `settings` text COLLATE utf8_unicode_ci,
  `dateCreated` datetime NOT NULL,
  `dateUpdated` datetime NOT NULL,
  `uid` char(36) COLLATE utf8_unicode_ci NOT NULL DEFAULT '0',
  PRIMARY KEY (`id`),
  UNIQUE KEY `craft_elementindexsettings_type_unq_idx` (`type`)
) ENGINE=InnoDB DEFAULT CHARSET=utf8 COLLATE=utf8_unicode_ci;

DROP TABLE IF EXISTS `craft_elements`;


--
-- Schema for table `craft_elements`
--
CREATE TABLE `craft_elements` (
  `id` int(11) NOT NULL AUTO_INCREMENT,
  `type` varchar(150) COLLATE utf8_unicode_ci NOT NULL,
  `enabled` tinyint(1) unsigned NOT NULL DEFAULT '1',
  `archived` tinyint(1) unsigned NOT NULL DEFAULT '0',
  `dateCreated` datetime NOT NULL,
  `dateUpdated` datetime NOT NULL,
  `uid` char(36) COLLATE utf8_unicode_ci NOT NULL DEFAULT '0',
  PRIMARY KEY (`id`),
  KEY `craft_elements_type_idx` (`type`),
  KEY `craft_elements_enabled_idx` (`enabled`),
  KEY `craft_elements_archived_dateCreated_idx` (`archived`,`dateCreated`)
) ENGINE=InnoDB AUTO_INCREMENT=9 DEFAULT CHARSET=utf8 COLLATE=utf8_unicode_ci;

--
-- Data for table `craft_elements`
--

INSERT INTO `craft_elements` (`id`, `type`, `enabled`, `archived`, `dateCreated`, `dateUpdated`, `uid`) VALUES
 ('1', 'User', '1', '0', '2017-02-19 06:49:58', '2017-02-19 06:49:58', '8365c762-daa3-4e22-bce4-6030b5189bae'),
 ('2', 'Entry', '1', '0', '2017-02-19 06:50:01', '2017-02-19 06:50:01', '72224e31-a6dc-42d4-8f18-b7c2989c4e1d'),
 ('3', 'Entry', '1', '0', '2017-02-19 06:50:01', '2017-02-19 06:50:01', '73069f75-72ab-4476-8503-81fe68dcbf8b'),
 ('4', 'Entry', '1', '0', '2017-02-19 09:23:31', '2017-02-19 09:52:26', '066ed32d-61a9-49df-b97f-db1f2a650dc8'),
 ('5', 'Charge', '1', '0', '2017-02-19 09:55:53', '2017-02-19 09:55:53', '79c8ad75-1af2-4e77-9bc3-3785108b236a'),
 ('6', 'Charge_Payment', '1', '0', '2017-02-19 09:55:54', '2017-02-19 09:55:54', 'bfbc6ae4-75c3-44df-bad4-826385784c7e'),
 ('7', 'Charge', '1', '0', '2017-02-19 09:59:49', '2017-02-19 09:59:49', 'f7c1fa51-1cf5-4631-882b-6afb85c12f43'),
 ('8', 'Charge_Payment', '1', '0', '2017-02-19 09:59:49', '2017-02-19 09:59:49', '31cb7310-4cec-4663-a15d-74d40522a26d');



DROP TABLE IF EXISTS `craft_elements_i18n`;


--
-- Schema for table `craft_elements_i18n`
--
CREATE TABLE `craft_elements_i18n` (
  `id` int(11) NOT NULL AUTO_INCREMENT,
  `elementId` int(11) NOT NULL,
  `locale` char(12) COLLATE utf8_unicode_ci NOT NULL,
  `slug` varchar(255) COLLATE utf8_unicode_ci DEFAULT NULL,
  `uri` varchar(255) COLLATE utf8_unicode_ci DEFAULT NULL,
  `enabled` tinyint(1) unsigned NOT NULL DEFAULT '1',
  `dateCreated` datetime NOT NULL,
  `dateUpdated` datetime NOT NULL,
  `uid` char(36) COLLATE utf8_unicode_ci NOT NULL DEFAULT '0',
  PRIMARY KEY (`id`),
  UNIQUE KEY `craft_elements_i18n_elementId_locale_unq_idx` (`elementId`,`locale`),
  UNIQUE KEY `craft_elements_i18n_uri_locale_unq_idx` (`uri`,`locale`),
  KEY `craft_elements_i18n_slug_locale_idx` (`slug`,`locale`),
  KEY `craft_elements_i18n_enabled_idx` (`enabled`),
  KEY `craft_elements_i18n_locale_fk` (`locale`)
) ENGINE=InnoDB AUTO_INCREMENT=9 DEFAULT CHARSET=utf8 COLLATE=utf8_unicode_ci;

--
-- Data for table `craft_elements_i18n`
--

INSERT INTO `craft_elements_i18n` (`id`, `elementId`, `locale`, `slug`, `uri`, `enabled`, `dateCreated`, `dateUpdated`, `uid`) VALUES
 ('1', '1', 'en_us', '', NULL, '1', '2017-02-19 06:49:58', '2017-02-19 06:49:58', '2f0b5444-5dd8-41fb-89c8-a272feaaf02e'),
 ('2', '2', 'en_us', 'homepage', '__home__', '1', '2017-02-19 06:50:01', '2017-02-19 06:50:01', '89e6cdc2-7a0e-4e7a-80f4-3e0bf894a484'),
 ('3', '3', 'en_us', 'we-just-installed-craft', 'news/2017/we-just-installed-craft', '1', '2017-02-19 06:50:01', '2017-02-19 06:50:01', '9b79e0f6-c252-4e36-843f-833fb5d6b208'),
 ('4', '4', 'en_us', 'charge-payment', 'charge', '1', '2017-02-19 09:23:31', '2017-02-19 09:52:26', '3a28182f-d6a8-4c65-a765-8aa6742b69a4'),
 ('5', '5', 'en_us', '1ac5ec6dda850828b1ddae35ea7fde37', 'thanks/1ac5ec6dda850828b1ddae35ea7fde37', '1', '2017-02-19 09:55:53', '2017-02-19 09:55:53', '90384417-a2a5-40d0-8c2b-36613a0e88ca'),
 ('6', '6', 'en_us', '', NULL, '1', '2017-02-19 09:55:54', '2017-02-19 09:55:54', '83122f9f-e3d9-47d4-8658-57d370e3764c'),
 ('7', '7', 'en_us', 'f5422ede1f0ab7b0c2818fcf4e941dab', 'thanks/f5422ede1f0ab7b0c2818fcf4e941dab', '1', '2017-02-19 09:59:49', '2017-02-19 09:59:49', '44cabb6d-5e13-4b01-a4a3-9cc96a6d4e7c'),
 ('8', '8', 'en_us', '', NULL, '1', '2017-02-19 09:59:49', '2017-02-19 09:59:49', 'b9cc2c63-099a-4c2a-9029-15dac7b0833d');



DROP TABLE IF EXISTS `craft_emailmessages`;


--
-- Schema for table `craft_emailmessages`
--
CREATE TABLE `craft_emailmessages` (
  `id` int(11) NOT NULL AUTO_INCREMENT,
  `key` char(150) COLLATE utf8_unicode_ci NOT NULL,
  `locale` char(12) COLLATE utf8_unicode_ci NOT NULL,
  `subject` varchar(1000) COLLATE utf8_unicode_ci NOT NULL,
  `body` text COLLATE utf8_unicode_ci NOT NULL,
  `dateCreated` datetime NOT NULL,
  `dateUpdated` datetime NOT NULL,
  `uid` char(36) COLLATE utf8_unicode_ci NOT NULL DEFAULT '0',
  PRIMARY KEY (`id`),
  UNIQUE KEY `craft_emailmessages_key_locale_unq_idx` (`key`,`locale`),
  KEY `craft_emailmessages_locale_fk` (`locale`)
) ENGINE=InnoDB DEFAULT CHARSET=utf8 COLLATE=utf8_unicode_ci;

DROP TABLE IF EXISTS `craft_entries`;


--
-- Schema for table `craft_entries`
--
CREATE TABLE `craft_entries` (
  `id` int(11) NOT NULL,
  `sectionId` int(11) NOT NULL,
  `typeId` int(11) DEFAULT NULL,
  `authorId` int(11) DEFAULT NULL,
  `postDate` datetime DEFAULT NULL,
  `expiryDate` datetime DEFAULT NULL,
  `dateCreated` datetime NOT NULL,
  `dateUpdated` datetime NOT NULL,
  `uid` char(36) COLLATE utf8_unicode_ci NOT NULL DEFAULT '0',
  PRIMARY KEY (`id`),
  KEY `craft_entries_sectionId_idx` (`sectionId`),
  KEY `craft_entries_typeId_idx` (`typeId`),
  KEY `craft_entries_postDate_idx` (`postDate`),
  KEY `craft_entries_expiryDate_idx` (`expiryDate`),
  KEY `craft_entries_authorId_fk` (`authorId`)
) ENGINE=InnoDB DEFAULT CHARSET=utf8 COLLATE=utf8_unicode_ci;

--
-- Data for table `craft_entries`
--

INSERT INTO `craft_entries` (`id`, `sectionId`, `typeId`, `authorId`, `postDate`, `expiryDate`, `dateCreated`, `dateUpdated`, `uid`) VALUES
 ('2', '1', NULL, NULL, '2017-02-19 06:50:01', NULL, '2017-02-19 06:50:01', '2017-02-19 06:50:01', 'b1ce49a5-80f5-4d41-8c6a-0650ca6f7a1a'),
 ('3', '2', '2', '1', '2017-02-19 06:50:01', NULL, '2017-02-19 06:50:01', '2017-02-19 06:50:01', '3ddfe4f7-2791-4c66-8f1f-35fe6a945489'),
 ('4', '3', '3', NULL, '2017-02-19 09:52:26', NULL, '2017-02-19 09:23:31', '2017-02-19 09:52:26', 'ed5ff354-df64-45b5-9aec-85b9248703e6');



DROP TABLE IF EXISTS `craft_entrydrafts`;


--
-- Schema for table `craft_entrydrafts`
--
CREATE TABLE `craft_entrydrafts` (
  `id` int(11) NOT NULL AUTO_INCREMENT,
  `entryId` int(11) NOT NULL,
  `sectionId` int(11) NOT NULL,
  `creatorId` int(11) NOT NULL,
  `locale` char(12) COLLATE utf8_unicode_ci NOT NULL,
  `name` varchar(255) COLLATE utf8_unicode_ci NOT NULL,
  `notes` tinytext COLLATE utf8_unicode_ci,
  `data` mediumtext COLLATE utf8_unicode_ci NOT NULL,
  `dateCreated` datetime NOT NULL,
  `dateUpdated` datetime NOT NULL,
  `uid` char(36) COLLATE utf8_unicode_ci NOT NULL DEFAULT '0',
  PRIMARY KEY (`id`),
  KEY `craft_entrydrafts_entryId_locale_idx` (`entryId`,`locale`),
  KEY `craft_entrydrafts_sectionId_fk` (`sectionId`),
  KEY `craft_entrydrafts_creatorId_fk` (`creatorId`),
  KEY `craft_entrydrafts_locale_fk` (`locale`)
) ENGINE=InnoDB DEFAULT CHARSET=utf8 COLLATE=utf8_unicode_ci;

DROP TABLE IF EXISTS `craft_entrytypes`;


--
-- Schema for table `craft_entrytypes`
--
CREATE TABLE `craft_entrytypes` (
  `id` int(11) NOT NULL AUTO_INCREMENT,
  `sectionId` int(11) NOT NULL,
  `fieldLayoutId` int(11) DEFAULT NULL,
  `name` varchar(255) COLLATE utf8_unicode_ci NOT NULL,
  `handle` varchar(255) COLLATE utf8_unicode_ci NOT NULL,
  `hasTitleField` tinyint(1) unsigned NOT NULL DEFAULT '1',
  `titleLabel` varchar(255) COLLATE utf8_unicode_ci DEFAULT 'Title',
  `titleFormat` varchar(255) COLLATE utf8_unicode_ci DEFAULT NULL,
  `sortOrder` smallint(6) unsigned DEFAULT NULL,
  `dateCreated` datetime NOT NULL,
  `dateUpdated` datetime NOT NULL,
  `uid` char(36) COLLATE utf8_unicode_ci NOT NULL DEFAULT '0',
  PRIMARY KEY (`id`),
  UNIQUE KEY `craft_entrytypes_name_sectionId_unq_idx` (`name`,`sectionId`),
  UNIQUE KEY `craft_entrytypes_handle_sectionId_unq_idx` (`handle`,`sectionId`),
  KEY `craft_entrytypes_sectionId_fk` (`sectionId`),
  KEY `craft_entrytypes_fieldLayoutId_fk` (`fieldLayoutId`)
) ENGINE=InnoDB AUTO_INCREMENT=4 DEFAULT CHARSET=utf8 COLLATE=utf8_unicode_ci;

--
-- Data for table `craft_entrytypes`
--

INSERT INTO `craft_entrytypes` (`id`, `sectionId`, `fieldLayoutId`, `name`, `handle`, `hasTitleField`, `titleLabel`, `titleFormat`, `sortOrder`, `dateCreated`, `dateUpdated`, `uid`) VALUES
 ('1', '1', '3', 'Homepage', 'homepage', '1', 'Title', NULL, '1', '2017-02-19 06:50:01', '2017-02-19 06:50:01', 'a5ba4c31-c18a-44c7-a3be-6148055037bb'),
 ('2', '2', '5', 'News', 'news', '1', 'Title', NULL, '1', '2017-02-19 06:50:01', '2017-02-19 06:50:01', '2eaa06a6-c9d1-4cac-af36-d2d48ecc9731'),
 ('3', '3', '6', 'Charge Payment', 'chargePayment', '0', NULL, '{section.name|raw}', '1', '2017-02-19 09:23:31', '2017-02-19 09:23:31', 'eae5159b-9ce5-4d36-85bc-20ae1c6dffe2');



DROP TABLE IF EXISTS `craft_entryversions`;


--
-- Schema for table `craft_entryversions`
--
CREATE TABLE `craft_entryversions` (
  `id` int(11) NOT NULL AUTO_INCREMENT,
  `entryId` int(11) NOT NULL,
  `sectionId` int(11) NOT NULL,
  `creatorId` int(11) DEFAULT NULL,
  `locale` char(12) COLLATE utf8_unicode_ci NOT NULL,
  `num` smallint(6) unsigned NOT NULL,
  `notes` tinytext COLLATE utf8_unicode_ci,
  `data` mediumtext COLLATE utf8_unicode_ci NOT NULL,
  `dateCreated` datetime NOT NULL,
  `dateUpdated` datetime NOT NULL,
  `uid` char(36) COLLATE utf8_unicode_ci NOT NULL DEFAULT '0',
  PRIMARY KEY (`id`),
  KEY `craft_entryversions_entryId_locale_idx` (`entryId`,`locale`),
  KEY `craft_entryversions_sectionId_fk` (`sectionId`),
  KEY `craft_entryversions_creatorId_fk` (`creatorId`),
  KEY `craft_entryversions_locale_fk` (`locale`)
) ENGINE=InnoDB AUTO_INCREMENT=5 DEFAULT CHARSET=utf8 COLLATE=utf8_unicode_ci;

--
-- Data for table `craft_entryversions`
--

INSERT INTO `craft_entryversions` (`id`, `entryId`, `sectionId`, `creatorId`, `locale`, `num`, `notes`, `data`, `dateCreated`, `dateUpdated`, `uid`) VALUES
 ('1', '2', '1', '1', 'en_us', '1', NULL, '{\"typeId\":\"1\",\"authorId\":null,\"title\":\"Homepage\",\"slug\":\"homepage\",\"postDate\":1487487001,\"expiryDate\":null,\"enabled\":1,\"parentId\":null,\"fields\":[]}', '2017-02-19 06:50:01', '2017-02-19 06:50:01', '31696e51-230a-4095-be87-e52c44d3eec9'),
 ('2', '2', '1', '1', 'en_us', '2', NULL, '{\"typeId\":null,\"authorId\":null,\"title\":\"Welcome to Crafthub.dev!\",\"slug\":\"homepage\",\"postDate\":1487487001,\"expiryDate\":null,\"enabled\":\"1\",\"parentId\":null,\"fields\":{\"1\":\"<p>It\\u2019s true, this site doesn\\u2019t have a whole lot of content yet, but don\\u2019t worry. Our web developers have just installed the CMS, and they\\u2019re setting things up for the content editors this very moment. Soon Crafthub.dev will be an oasis of fresh perspectives, sharp analyses, and astute opinions that will keep you coming back again and again.<\\/p>\"}}', '2017-02-19 06:50:01', '2017-02-19 06:50:01', 'e4428a4a-f4ea-4237-9f40-0ec2ccf9116c'),
 ('3', '3', '2', '1', 'en_us', '1', NULL, '{\"typeId\":\"2\",\"authorId\":\"1\",\"title\":\"We just installed Craft!\",\"slug\":\"we-just-installed-craft\",\"postDate\":1487487001,\"expiryDate\":null,\"enabled\":1,\"parentId\":null,\"fields\":[]}', '2017-02-19 06:50:01', '2017-02-19 06:50:01', '20914f25-b35b-4ac2-89ff-f6f4fa9a4502'),
 ('4', '4', '3', '1', 'en_us', '1', NULL, '{\"typeId\":\"3\",\"authorId\":null,\"title\":\"Charge Payment\",\"slug\":\"charge-payment\",\"postDate\":1487496211,\"expiryDate\":null,\"enabled\":1,\"parentId\":null,\"fields\":[]}', '2017-02-19 09:23:31', '2017-02-19 09:23:31', 'e9b629b0-1bf8-49a7-aa7a-f24f2f33c2f7');



DROP TABLE IF EXISTS `craft_fieldgroups`;


--
-- Schema for table `craft_fieldgroups`
--
CREATE TABLE `craft_fieldgroups` (
  `id` int(11) NOT NULL AUTO_INCREMENT,
  `name` varchar(255) COLLATE utf8_unicode_ci NOT NULL,
  `dateCreated` datetime NOT NULL,
  `dateUpdated` datetime NOT NULL,
  `uid` char(36) COLLATE utf8_unicode_ci NOT NULL DEFAULT '0',
  PRIMARY KEY (`id`),
  UNIQUE KEY `craft_fieldgroups_name_unq_idx` (`name`)
) ENGINE=InnoDB AUTO_INCREMENT=2 DEFAULT CHARSET=utf8 COLLATE=utf8_unicode_ci;

--
-- Data for table `craft_fieldgroups`
--

INSERT INTO `craft_fieldgroups` (`id`, `name`, `dateCreated`, `dateUpdated`, `uid`) VALUES
 ('1', 'Default', '2017-02-19 06:50:01', '2017-02-19 06:50:01', '4c2a2381-8465-433a-8d95-fa1054fc3fb9');



DROP TABLE IF EXISTS `craft_fieldlayoutfields`;


--
-- Schema for table `craft_fieldlayoutfields`
--
CREATE TABLE `craft_fieldlayoutfields` (
  `id` int(11) NOT NULL AUTO_INCREMENT,
  `layoutId` int(11) NOT NULL,
  `tabId` int(11) NOT NULL,
  `fieldId` int(11) NOT NULL,
  `required` tinyint(1) unsigned NOT NULL DEFAULT '0',
  `sortOrder` smallint(6) unsigned DEFAULT NULL,
  `dateCreated` datetime NOT NULL,
  `dateUpdated` datetime NOT NULL,
  `uid` char(36) COLLATE utf8_unicode_ci NOT NULL DEFAULT '0',
  PRIMARY KEY (`id`),
  UNIQUE KEY `craft_fieldlayoutfields_layoutId_fieldId_unq_idx` (`layoutId`,`fieldId`),
  KEY `craft_fieldlayoutfields_sortOrder_idx` (`sortOrder`),
  KEY `craft_fieldlayoutfields_tabId_fk` (`tabId`),
  KEY `craft_fieldlayoutfields_fieldId_fk` (`fieldId`)
) ENGINE=InnoDB AUTO_INCREMENT=4 DEFAULT CHARSET=utf8 COLLATE=utf8_unicode_ci;

--
-- Data for table `craft_fieldlayoutfields`
--

INSERT INTO `craft_fieldlayoutfields` (`id`, `layoutId`, `tabId`, `fieldId`, `required`, `sortOrder`, `dateCreated`, `dateUpdated`, `uid`) VALUES
 ('1', '3', '1', '1', '1', '1', '2017-02-19 06:50:01', '2017-02-19 06:50:01', '8f8cc0b9-a414-4c09-8113-0c2e0220b294'),
 ('2', '5', '2', '1', '1', '1', '2017-02-19 06:50:01', '2017-02-19 06:50:01', 'f45c7d1b-82f7-4163-a786-e7c697c625ec'),
 ('3', '5', '2', '2', '0', '2', '2017-02-19 06:50:01', '2017-02-19 06:50:01', '4454fa2c-57a7-4483-9e90-4b54b365edd5');



DROP TABLE IF EXISTS `craft_fieldlayouts`;


--
-- Schema for table `craft_fieldlayouts`
--
CREATE TABLE `craft_fieldlayouts` (
  `id` int(11) NOT NULL AUTO_INCREMENT,
  `type` varchar(150) COLLATE utf8_unicode_ci NOT NULL,
  `dateCreated` datetime NOT NULL,
  `dateUpdated` datetime NOT NULL,
  `uid` char(36) COLLATE utf8_unicode_ci NOT NULL DEFAULT '0',
  PRIMARY KEY (`id`),
  KEY `craft_fieldlayouts_type_idx` (`type`)
) ENGINE=InnoDB AUTO_INCREMENT=7 DEFAULT CHARSET=utf8 COLLATE=utf8_unicode_ci;

--
-- Data for table `craft_fieldlayouts`
--

INSERT INTO `craft_fieldlayouts` (`id`, `type`, `dateCreated`, `dateUpdated`, `uid`) VALUES
 ('1', 'Tag', '2017-02-19 06:50:01', '2017-02-19 06:50:01', '6124e4c3-4856-4c49-87c9-919814c362fe'),
 ('3', 'Entry', '2017-02-19 06:50:01', '2017-02-19 06:50:01', 'ce9ca336-7364-4725-b242-c82ca700c00b'),
 ('5', 'Entry', '2017-02-19 06:50:01', '2017-02-19 06:50:01', '204fdde1-70ac-4196-9136-5eb499bcc333'),
 ('6', 'Entry', '2017-02-19 09:23:31', '2017-02-19 09:23:31', '0a69c537-b82d-4d72-a290-f9dcb811c754');



DROP TABLE IF EXISTS `craft_fieldlayouttabs`;


--
-- Schema for table `craft_fieldlayouttabs`
--
CREATE TABLE `craft_fieldlayouttabs` (
  `id` int(11) NOT NULL AUTO_INCREMENT,
  `layoutId` int(11) NOT NULL,
  `name` varchar(255) COLLATE utf8_unicode_ci NOT NULL,
  `sortOrder` smallint(6) unsigned DEFAULT NULL,
  `dateCreated` datetime NOT NULL,
  `dateUpdated` datetime NOT NULL,
  `uid` char(36) COLLATE utf8_unicode_ci NOT NULL DEFAULT '0',
  PRIMARY KEY (`id`),
  KEY `craft_fieldlayouttabs_sortOrder_idx` (`sortOrder`),
  KEY `craft_fieldlayouttabs_layoutId_fk` (`layoutId`)
) ENGINE=InnoDB AUTO_INCREMENT=3 DEFAULT CHARSET=utf8 COLLATE=utf8_unicode_ci;

--
-- Data for table `craft_fieldlayouttabs`
--

INSERT INTO `craft_fieldlayouttabs` (`id`, `layoutId`, `name`, `sortOrder`, `dateCreated`, `dateUpdated`, `uid`) VALUES
 ('1', '3', 'Content', '1', '2017-02-19 06:50:01', '2017-02-19 06:50:01', 'e7a37802-08ce-4c94-a558-29b40cac8116'),
 ('2', '5', 'Content', '1', '2017-02-19 06:50:01', '2017-02-19 06:50:01', 'd637516d-95d6-4ed1-a884-bcf9075e6e53');



DROP TABLE IF EXISTS `craft_fields`;


--
-- Schema for table `craft_fields`
--
CREATE TABLE `craft_fields` (
  `id` int(11) NOT NULL AUTO_INCREMENT,
  `groupId` int(11) DEFAULT NULL,
  `name` varchar(255) COLLATE utf8_unicode_ci NOT NULL,
  `handle` varchar(58) COLLATE utf8_unicode_ci NOT NULL,
  `context` varchar(255) COLLATE utf8_unicode_ci NOT NULL DEFAULT 'global',
  `instructions` text COLLATE utf8_unicode_ci,
  `translatable` tinyint(1) unsigned NOT NULL DEFAULT '0',
  `type` varchar(150) COLLATE utf8_unicode_ci NOT NULL,
  `settings` text COLLATE utf8_unicode_ci,
  `dateCreated` datetime NOT NULL,
  `dateUpdated` datetime NOT NULL,
  `uid` char(36) COLLATE utf8_unicode_ci NOT NULL DEFAULT '0',
  PRIMARY KEY (`id`),
  UNIQUE KEY `craft_fields_handle_context_unq_idx` (`handle`,`context`),
  KEY `craft_fields_context_idx` (`context`),
  KEY `craft_fields_groupId_fk` (`groupId`)
) ENGINE=InnoDB AUTO_INCREMENT=3 DEFAULT CHARSET=utf8 COLLATE=utf8_unicode_ci;

--
-- Data for table `craft_fields`
--

INSERT INTO `craft_fields` (`id`, `groupId`, `name`, `handle`, `context`, `instructions`, `translatable`, `type`, `settings`, `dateCreated`, `dateUpdated`, `uid`) VALUES
 ('1', '1', 'Body', 'body', 'global', NULL, '1', 'RichText', '{\"configFile\":\"Standard.json\",\"columnType\":\"text\"}', '2017-02-19 06:50:01', '2017-02-19 06:50:01', 'b1d8bcd3-26e7-4748-9fc2-19a897faf83a'),
 ('2', '1', 'Tags', 'tags', 'global', NULL, '0', 'Tags', '{\"source\":\"taggroup:1\"}', '2017-02-19 06:50:01', '2017-02-19 06:50:01', '08556c0e-ce15-410d-ad25-e7b34a3dbd17');



DROP TABLE IF EXISTS `craft_globalsets`;


--
-- Schema for table `craft_globalsets`
--
CREATE TABLE `craft_globalsets` (
  `id` int(11) NOT NULL,
  `name` varchar(255) COLLATE utf8_unicode_ci NOT NULL,
  `handle` varchar(255) COLLATE utf8_unicode_ci NOT NULL,
  `fieldLayoutId` int(10) DEFAULT NULL,
  `dateCreated` datetime NOT NULL,
  `dateUpdated` datetime NOT NULL,
  `uid` char(36) COLLATE utf8_unicode_ci NOT NULL DEFAULT '0',
  PRIMARY KEY (`id`),
  UNIQUE KEY `craft_globalsets_name_unq_idx` (`name`),
  UNIQUE KEY `craft_globalsets_handle_unq_idx` (`handle`),
  KEY `craft_globalsets_fieldLayoutId_fk` (`fieldLayoutId`)
) ENGINE=InnoDB DEFAULT CHARSET=utf8 COLLATE=utf8_unicode_ci;

DROP TABLE IF EXISTS `craft_info`;


--
-- Schema for table `craft_info`
--
CREATE TABLE `craft_info` (
  `id` int(11) NOT NULL AUTO_INCREMENT,
  `version` varchar(50) COLLATE utf8_unicode_ci NOT NULL,
  `schemaVersion` varchar(15) COLLATE utf8_unicode_ci NOT NULL,
  `edition` tinyint(1) unsigned NOT NULL DEFAULT '0',
  `siteName` varchar(100) COLLATE utf8_unicode_ci NOT NULL,
  `siteUrl` varchar(255) COLLATE utf8_unicode_ci NOT NULL,
  `timezone` varchar(30) COLLATE utf8_unicode_ci DEFAULT NULL,
  `on` tinyint(1) unsigned NOT NULL DEFAULT '0',
  `maintenance` tinyint(1) unsigned NOT NULL DEFAULT '0',
  `dateCreated` datetime NOT NULL,
  `dateUpdated` datetime NOT NULL,
  `uid` char(36) COLLATE utf8_unicode_ci NOT NULL DEFAULT '0',
  PRIMARY KEY (`id`)
) ENGINE=InnoDB AUTO_INCREMENT=2 DEFAULT CHARSET=utf8 COLLATE=utf8_unicode_ci;

--
-- Data for table `craft_info`
--

INSERT INTO `craft_info` (`id`, `version`, `schemaVersion`, `edition`, `siteName`, `siteUrl`, `timezone`, `on`, `maintenance`, `dateCreated`, `dateUpdated`, `uid`) VALUES
 ('1', '2.6.2962', '2.6.9', '0', 'Crafthub', 'http://crafthub.dev', 'UTC', '1', '0', '2017-02-19 06:49:57', '2017-02-19 06:49:57', 'cbd608fa-7f7e-4ce0-b736-47f289254b4d');



DROP TABLE IF EXISTS `craft_locales`;


--
-- Schema for table `craft_locales`
--
CREATE TABLE `craft_locales` (
  `locale` char(12) COLLATE utf8_unicode_ci NOT NULL,
  `sortOrder` smallint(6) unsigned DEFAULT NULL,
  `dateCreated` datetime NOT NULL,
  `dateUpdated` datetime NOT NULL,
  `uid` char(36) COLLATE utf8_unicode_ci NOT NULL DEFAULT '0',
  PRIMARY KEY (`locale`),
  KEY `craft_locales_sortOrder_idx` (`sortOrder`)
) ENGINE=InnoDB DEFAULT CHARSET=utf8 COLLATE=utf8_unicode_ci;

--
-- Data for table `craft_locales`
--

INSERT INTO `craft_locales` (`locale`, `sortOrder`, `dateCreated`, `dateUpdated`, `uid`) VALUES
 ('en_us', '1', '2017-02-19 06:49:57', '2017-02-19 06:49:57', '5e3eaea1-4962-4514-994c-f9a473f4b059');



DROP TABLE IF EXISTS `craft_matrixblocks`;


--
-- Schema for table `craft_matrixblocks`
--
CREATE TABLE `craft_matrixblocks` (
  `id` int(11) NOT NULL,
  `ownerId` int(11) NOT NULL,
  `fieldId` int(11) NOT NULL,
  `typeId` int(11) DEFAULT NULL,
  `sortOrder` smallint(6) unsigned DEFAULT NULL,
  `ownerLocale` char(12) COLLATE utf8_unicode_ci DEFAULT NULL,
  `dateCreated` datetime NOT NULL,
  `dateUpdated` datetime NOT NULL,
  `uid` char(36) COLLATE utf8_unicode_ci NOT NULL DEFAULT '0',
  PRIMARY KEY (`id`),
  KEY `craft_matrixblocks_ownerId_idx` (`ownerId`),
  KEY `craft_matrixblocks_fieldId_idx` (`fieldId`),
  KEY `craft_matrixblocks_typeId_idx` (`typeId`),
  KEY `craft_matrixblocks_sortOrder_idx` (`sortOrder`),
  KEY `craft_matrixblocks_ownerLocale_fk` (`ownerLocale`)
) ENGINE=InnoDB DEFAULT CHARSET=utf8 COLLATE=utf8_unicode_ci;

DROP TABLE IF EXISTS `craft_matrixblocktypes`;


--
-- Schema for table `craft_matrixblocktypes`
--
CREATE TABLE `craft_matrixblocktypes` (
  `id` int(11) NOT NULL AUTO_INCREMENT,
  `fieldId` int(11) NOT NULL,
  `fieldLayoutId` int(11) DEFAULT NULL,
  `name` varchar(255) COLLATE utf8_unicode_ci NOT NULL,
  `handle` varchar(255) COLLATE utf8_unicode_ci NOT NULL,
  `sortOrder` smallint(6) unsigned DEFAULT NULL,
  `dateCreated` datetime NOT NULL,
  `dateUpdated` datetime NOT NULL,
  `uid` char(36) COLLATE utf8_unicode_ci NOT NULL DEFAULT '0',
  PRIMARY KEY (`id`),
  UNIQUE KEY `craft_matrixblocktypes_name_fieldId_unq_idx` (`name`,`fieldId`),
  UNIQUE KEY `craft_matrixblocktypes_handle_fieldId_unq_idx` (`handle`,`fieldId`),
  KEY `craft_matrixblocktypes_fieldId_fk` (`fieldId`),
  KEY `craft_matrixblocktypes_fieldLayoutId_fk` (`fieldLayoutId`)
) ENGINE=InnoDB DEFAULT CHARSET=utf8 COLLATE=utf8_unicode_ci;

DROP TABLE IF EXISTS `craft_migrations`;


--
-- Schema for table `craft_migrations`
--
CREATE TABLE `craft_migrations` (
  `id` int(11) NOT NULL AUTO_INCREMENT,
  `pluginId` int(11) DEFAULT NULL,
  `version` varchar(255) COLLATE utf8_unicode_ci NOT NULL,
  `applyTime` datetime NOT NULL,
  `dateCreated` datetime NOT NULL,
  `dateUpdated` datetime NOT NULL,
  `uid` char(36) COLLATE utf8_unicode_ci NOT NULL DEFAULT '0',
  PRIMARY KEY (`id`),
  UNIQUE KEY `craft_migrations_version_unq_idx` (`version`),
  KEY `craft_migrations_pluginId_fk` (`pluginId`)
) ENGINE=InnoDB AUTO_INCREMENT=59 DEFAULT CHARSET=utf8 COLLATE=utf8_unicode_ci;

--
-- Data for table `craft_migrations`
--

INSERT INTO `craft_migrations` (`id`, `pluginId`, `version`, `applyTime`, `dateCreated`, `dateUpdated`, `uid`) VALUES
 ('1', NULL, 'm000000_000000_base', '2017-02-19 06:49:57', '2017-02-19 06:49:57', '2017-02-19 06:49:57', '7df84ead-26ae-4bd1-a7d4-ac9fa2910651'),
 ('2', NULL, 'm140730_000001_add_filename_and_format_to_transformindex', '2017-02-19 06:49:57', '2017-02-19 06:49:57', '2017-02-19 06:49:57', '32682791-60f0-48eb-8e09-bd96b83dd421'),
 ('3', NULL, 'm140815_000001_add_format_to_transforms', '2017-02-19 06:49:57', '2017-02-19 06:49:57', '2017-02-19 06:49:57', '1cbdb2e4-f409-4d9c-af99-d0bb37ca10a8'),
 ('4', NULL, 'm140822_000001_allow_more_than_128_items_per_field', '2017-02-19 06:49:57', '2017-02-19 06:49:57', '2017-02-19 06:49:57', '4cdb0b94-f08f-4523-8d25-52b908b0bd00'),
 ('5', NULL, 'm140829_000001_single_title_formats', '2017-02-19 06:49:57', '2017-02-19 06:49:57', '2017-02-19 06:49:57', '6277c9dd-a1db-47c1-a9b8-8efb8c7d7f31'),
 ('6', NULL, 'm140831_000001_extended_cache_keys', '2017-02-19 06:49:57', '2017-02-19 06:49:57', '2017-02-19 06:49:57', '5e7f117e-555b-4d42-891a-24b1646242cf'),
 ('7', NULL, 'm140922_000001_delete_orphaned_matrix_blocks', '2017-02-19 06:49:57', '2017-02-19 06:49:57', '2017-02-19 06:49:57', '3f483f3c-e0f8-43ce-9520-088c58c578fe'),
 ('8', NULL, 'm141008_000001_elements_index_tune', '2017-02-19 06:49:57', '2017-02-19 06:49:57', '2017-02-19 06:49:57', '4197c37f-5d69-45ea-934a-840f9673eda5'),
 ('9', NULL, 'm141009_000001_assets_source_handle', '2017-02-19 06:49:57', '2017-02-19 06:49:57', '2017-02-19 06:49:57', '7d53fc9b-95d9-4f64-b528-72fa89ee583a'),
 ('10', NULL, 'm141024_000001_field_layout_tabs', '2017-02-19 06:49:57', '2017-02-19 06:49:57', '2017-02-19 06:49:57', '97da62d5-9c99-438f-95da-fa1e34382fc1'),
 ('11', NULL, 'm141030_000000_plugin_schema_versions', '2017-02-19 06:49:57', '2017-02-19 06:49:57', '2017-02-19 06:49:57', 'c5d94529-5878-4b2a-abc1-1d11adeecb39'),
 ('12', NULL, 'm141030_000001_drop_structure_move_permission', '2017-02-19 06:49:57', '2017-02-19 06:49:57', '2017-02-19 06:49:57', '32a6167f-cec1-4334-9367-bf989e079ea8'),
 ('13', NULL, 'm141103_000001_tag_titles', '2017-02-19 06:49:57', '2017-02-19 06:49:57', '2017-02-19 06:49:57', 'a9145396-d9b4-4faf-9491-219d98fc7cb7'),
 ('14', NULL, 'm141109_000001_user_status_shuffle', '2017-02-19 06:49:57', '2017-02-19 06:49:57', '2017-02-19 06:49:57', '96b6da5e-2bff-448d-a4d4-85fc48610a00'),
 ('15', NULL, 'm141126_000001_user_week_start_day', '2017-02-19 06:49:57', '2017-02-19 06:49:57', '2017-02-19 06:49:57', '3c94fff7-d905-4ae0-851e-5c23ee9b4b58'),
 ('16', NULL, 'm150210_000001_adjust_user_photo_size', '2017-02-19 06:49:57', '2017-02-19 06:49:57', '2017-02-19 06:49:57', '6999ebc3-c8e5-4113-80b1-84d07bcfd7f5'),
 ('17', NULL, 'm150724_000001_adjust_quality_settings', '2017-02-19 06:49:57', '2017-02-19 06:49:57', '2017-02-19 06:49:57', 'c0d1383a-bcc8-4dcf-a72f-6e2f5b7c4fce'),
 ('18', NULL, 'm150827_000000_element_index_settings', '2017-02-19 06:49:57', '2017-02-19 06:49:57', '2017-02-19 06:49:57', '79e9a04f-d7b1-45c6-bdb5-d3c2af94c273'),
 ('19', NULL, 'm150918_000001_add_colspan_to_widgets', '2017-02-19 06:49:57', '2017-02-19 06:49:57', '2017-02-19 06:49:57', '05e6a5de-94c7-4787-bc20-445c8e4a4d1f'),
 ('20', NULL, 'm151007_000000_clear_asset_caches', '2017-02-19 06:49:57', '2017-02-19 06:49:57', '2017-02-19 06:49:57', '63ddb078-daae-468f-96ae-d5281acf4d16'),
 ('21', NULL, 'm151109_000000_text_url_formats', '2017-02-19 06:49:57', '2017-02-19 06:49:57', '2017-02-19 06:49:57', '64bb5687-be82-414d-926c-69dc26eacdbc'),
 ('22', NULL, 'm151110_000000_move_logo', '2017-02-19 06:49:57', '2017-02-19 06:49:57', '2017-02-19 06:49:57', '948828a4-7ba1-4b49-af54-2707bb3d5100'),
 ('23', NULL, 'm151117_000000_adjust_image_widthheight', '2017-02-19 06:49:57', '2017-02-19 06:49:57', '2017-02-19 06:49:57', '8dcfe96c-36d4-48c8-8897-af40623d733f'),
 ('24', NULL, 'm151127_000000_clear_license_key_status', '2017-02-19 06:49:57', '2017-02-19 06:49:57', '2017-02-19 06:49:57', '1f302bf9-6e06-4a38-b391-984c838c5a12'),
 ('25', NULL, 'm151127_000000_plugin_license_keys', '2017-02-19 06:49:57', '2017-02-19 06:49:57', '2017-02-19 06:49:57', '526c21d8-0ba6-4538-8648-77cc8215f863'),
 ('26', NULL, 'm151130_000000_update_pt_widget_feeds', '2017-02-19 06:49:57', '2017-02-19 06:49:57', '2017-02-19 06:49:57', '85ed0ec0-15cb-47c1-8f20-831306809009'),
 ('27', NULL, 'm160114_000000_asset_sources_public_url_default_true', '2017-02-19 06:49:57', '2017-02-19 06:49:57', '2017-02-19 06:49:57', 'cda8898e-3d8e-41bd-a740-0cb59380d7f2'),
 ('28', NULL, 'm160223_000000_sortorder_to_smallint', '2017-02-19 06:49:57', '2017-02-19 06:49:57', '2017-02-19 06:49:57', '75841de8-2054-4de5-8a89-86e0cdd867c2'),
 ('29', NULL, 'm160229_000000_set_default_entry_statuses', '2017-02-19 06:49:57', '2017-02-19 06:49:57', '2017-02-19 06:49:57', 'cd4a9b8e-94d5-4d29-a1c0-26ad60a09984'),
 ('30', NULL, 'm160304_000000_client_permissions', '2017-02-19 06:49:57', '2017-02-19 06:49:57', '2017-02-19 06:49:57', '02e66478-1256-44de-9887-a00aa70f1b08'),
 ('31', NULL, 'm160322_000000_asset_filesize', '2017-02-19 06:49:57', '2017-02-19 06:49:57', '2017-02-19 06:49:57', 'aa43efcb-f54a-444d-92f6-6b6ba586c8a3'),
 ('32', NULL, 'm160503_000000_orphaned_fieldlayouts', '2017-02-19 06:49:57', '2017-02-19 06:49:57', '2017-02-19 06:49:57', '1e06d8b0-c8bc-4fec-8d7b-f91cb87ab32f'),
 ('33', NULL, 'm160510_000000_tasksettings', '2017-02-19 06:49:57', '2017-02-19 06:49:57', '2017-02-19 06:49:57', '8ab64dda-d799-4f14-82bf-afec0f9cde09'),
 ('34', NULL, 'm160829_000000_pending_user_content_cleanup', '2017-02-19 06:49:57', '2017-02-19 06:49:57', '2017-02-19 06:49:57', 'b069deb5-d02a-4a4d-8185-438a748c3f23'),
 ('35', NULL, 'm160830_000000_asset_index_uri_increase', '2017-02-19 06:49:57', '2017-02-19 06:49:57', '2017-02-19 06:49:57', 'b5f3bca0-50e4-4080-9965-ca4b0e971650'),
 ('36', NULL, 'm160919_000000_usergroup_handle_title_unique', '2017-02-19 06:49:57', '2017-02-19 06:49:57', '2017-02-19 06:49:57', '0bbb177f-0bd1-4147-985a-f0bd515d2673'),
 ('37', NULL, 'm161108_000000_new_version_format', '2017-02-19 06:49:57', '2017-02-19 06:49:57', '2017-02-19 06:49:57', '6484d380-0b98-4de4-bb41-388843e69b67'),
 ('38', NULL, 'm161109_000000_index_shuffle', '2017-02-19 06:49:57', '2017-02-19 06:49:57', '2017-02-19 06:49:57', '333181d4-8915-4ba8-89b6-9bcca6dcc411'),
 ('39', '1', 'm131111_173345_charge_element_type', '2017-02-19 06:50:14', '2017-02-19 06:50:14', '2017-02-19 06:50:14', '55675c1f-137a-45ed-bdb6-b1de889980fb'),
 ('40', '1', 'm131113_225912_charge_add_hash_to_record', '2017-02-19 06:50:14', '2017-02-19 06:50:14', '2017-02-19 06:50:14', '7658ab39-cb86-4e9d-9191-45640b0a0a9d'),
 ('41', '1', 'm131126_123956_charge_add_notes_field', '2017-02-19 06:50:14', '2017-02-19 06:50:14', '2017-02-19 06:50:14', 'e67490b5-8fb9-4d24-aa7b-83aaba8ef4bb'),
 ('42', '1', 'm131126_124438_charge_add_card_expiry_fields', '2017-02-19 06:50:14', '2017-02-19 06:50:14', '2017-02-19 06:50:14', 'c937f00b-ee7c-450c-8612-3387f7555314'),
 ('43', '1', 'm131203_170420_charge_AddUserFK', '2017-02-19 06:50:14', '2017-02-19 06:50:14', '2017-02-19 06:50:14', '1a95ba4b-b97b-4d70-b9ca-920f72ba46ed'),
 ('44', '1', 'm131203_170724_charge_AddExtraIndexesToCharges', '2017-02-19 06:50:14', '2017-02-19 06:50:14', '2017-02-19 06:50:14', '79995da8-aad4-436c-be25-97e21d024b57'),
 ('45', '1', 'm140202_221427_charge_AddCouponRecord', '2017-02-19 06:50:14', '2017-02-19 06:50:14', '2017-02-19 06:50:14', '5ae1085a-c351-46d7-9d47-d0aee2b87052'),
 ('46', '1', 'm140218_110053_charge_AddPlanCoupon', '2017-02-19 06:50:14', '2017-02-19 06:50:14', '2017-02-19 06:50:14', '8e1edbd9-6e87-40d2-bd01-ac62b7dafac6'),
 ('47', '1', 'm140225_113115_charge_FixMissingFK', '2017-02-19 06:50:14', '2017-02-19 06:50:14', '2017-02-19 06:50:14', '3741ed8b-4e5b-477c-bf5f-06835851aa2b'),
 ('48', '1', 'm140414_000000_charge_addMissingElementI18nRows', '2017-02-19 06:50:14', '2017-02-19 06:50:14', '2017-02-19 06:50:14', '57e0a0df-21f9-4488-ad38-ef13b86c6137'),
 ('49', '1', 'm150227_000000_charge_addStripeIdsToRecord', '2017-02-19 06:50:14', '2017-02-19 06:50:14', '2017-02-19 06:50:14', 'dc1ea49e-5289-4a4b-893b-2e7e6f8c8f7a'),
 ('50', '1', 'm150313_000000_charge_addMetaData', '2017-02-19 06:50:14', '2017-02-19 06:50:14', '2017-02-19 06:50:14', 'eb3fda4d-4119-4a3b-98db-027db554fd11'),
 ('51', '1', 'm150521_000000_charge_createCustomerTable', '2017-02-19 06:50:14', '2017-02-19 06:50:14', '2017-02-19 06:50:14', '144a011a-7a57-4107-8c8a-69ddaaf3816f'),
 ('52', '1', 'm160129_000000_charge_fixMissingDefaults', '2017-02-19 06:50:14', '2017-02-19 06:50:14', '2017-02-19 06:50:14', 'd27463cc-a519-41d2-9cfb-ffda36d615b9'),
 ('53', '1', 'm160426_000000_charge_addChargeRequest', '2017-02-19 06:50:14', '2017-02-19 06:50:14', '2017-02-19 06:50:14', '22aa0672-5afb-47ae-806e-71a44ac00b84'),
 ('54', '1', 'm160509_000000_charge_update200', '2017-02-19 06:50:14', '2017-02-19 06:50:14', '2017-02-19 06:50:14', 'c73cf596-5c88-4d95-877b-2712a287f2e5'),
 ('55', '1', 'm160705_000000_charge_createGuestRegisterTable', '2017-02-19 06:50:14', '2017-02-19 06:50:14', '2017-02-19 06:50:14', '1a1cbe0d-bdda-4c51-8bb2-4506be4aa66b'),
 ('56', '1', 'm161020_000000_charge_updateLicense', '2017-02-19 06:50:14', '2017-02-19 06:50:14', '2017-02-19 06:50:14', '523f1ad2-ab1a-4dba-bfd8-084017f155e3'),
 ('57', '1', 'm161116_000000_charge_addAmountCurrencyCols', '2017-02-19 06:50:14', '2017-02-19 06:50:14', '2017-02-19 06:50:14', '8cd259c1-f8cd-4b96-b01b-be13c5f67cf4'),
 ('58', '1', 'm161125_000000_charge_fixMigration', '2017-02-19 06:50:14', '2017-02-19 06:50:14', '2017-02-19 06:50:14', 'cf005b62-0c26-45c4-8a99-783801e0d1c6');



DROP TABLE IF EXISTS `craft_plugins`;


--
-- Schema for table `craft_plugins`
--
CREATE TABLE `craft_plugins` (
  `id` int(11) NOT NULL AUTO_INCREMENT,
  `class` varchar(150) COLLATE utf8_unicode_ci NOT NULL,
  `version` varchar(15) COLLATE utf8_unicode_ci NOT NULL,
  `schemaVersion` varchar(15) COLLATE utf8_unicode_ci DEFAULT NULL,
  `licenseKey` char(24) COLLATE utf8_unicode_ci DEFAULT NULL,
  `licenseKeyStatus` enum('valid','invalid','mismatched','unknown') COLLATE utf8_unicode_ci NOT NULL DEFAULT 'unknown',
  `enabled` tinyint(1) unsigned NOT NULL DEFAULT '0',
  `settings` text COLLATE utf8_unicode_ci,
  `installDate` datetime NOT NULL,
  `dateCreated` datetime NOT NULL,
  `dateUpdated` datetime NOT NULL,
  `uid` char(36) COLLATE utf8_unicode_ci NOT NULL DEFAULT '0',
  PRIMARY KEY (`id`)
) ENGINE=InnoDB AUTO_INCREMENT=2 DEFAULT CHARSET=utf8 COLLATE=utf8_unicode_ci;

--
-- Data for table `craft_plugins`
--

INSERT INTO `craft_plugins` (`id`, `class`, `version`, `schemaVersion`, `licenseKey`, `licenseKeyStatus`, `enabled`, `settings`, `installDate`, `dateCreated`, `dateUpdated`, `uid`) VALUES
 ('1', 'Charge', '2.1.8', '2.1.8', NULL, 'unknown', '1', '{\"credentials\":{\"stripeTestCredentialsSK\":\"sk_test_r4oF5sI5xrGLH3ggYASQIrLf\",\"stripeTestCredentialsPK\":\"pk_test_AHXvPsO7fqPGZlSPFHIUHuSW\",\"stripeLiveCredentialsSK\":\"sk_live_FAfa9DlEz8qwGJc1MplFKG6m\",\"stripeLiveCredentialsPK\":\"pk_live_s5BAuUYzBN6ua1Wex3or3TTb\",\"stripeDefaultCurrency\":\"AUD\"},\"mode\":{\"stripeAccountMode\":\"test\"},\"webhook\":null,\"charges\":null,\"edition\":\"0\",\"connect\":null,\"userreg\":null,\"tests\":null,\"logs\":null,\"licenseKey\":null}', '2017-02-19 06:50:14', '2017-02-19 06:50:14', '2017-02-19 07:17:04', '84c46b7d-4907-4090-9d61-32c7a0f78b7b');



DROP TABLE IF EXISTS `craft_rackspaceaccess`;


--
-- Schema for table `craft_rackspaceaccess`
--
CREATE TABLE `craft_rackspaceaccess` (
  `id` int(11) NOT NULL AUTO_INCREMENT,
  `connectionKey` varchar(255) COLLATE utf8_unicode_ci NOT NULL,
  `token` varchar(255) COLLATE utf8_unicode_ci NOT NULL,
  `storageUrl` varchar(255) COLLATE utf8_unicode_ci NOT NULL,
  `cdnUrl` varchar(255) COLLATE utf8_unicode_ci NOT NULL,
  `dateCreated` datetime NOT NULL,
  `dateUpdated` datetime NOT NULL,
  `uid` char(36) COLLATE utf8_unicode_ci NOT NULL DEFAULT '0',
  PRIMARY KEY (`id`),
  UNIQUE KEY `craft_rackspaceaccess_connectionKey_unq_idx` (`connectionKey`)
) ENGINE=InnoDB DEFAULT CHARSET=utf8 COLLATE=utf8_unicode_ci;

DROP TABLE IF EXISTS `craft_relations`;


--
-- Schema for table `craft_relations`
--
CREATE TABLE `craft_relations` (
  `id` int(11) NOT NULL AUTO_INCREMENT,
  `fieldId` int(11) NOT NULL,
  `sourceId` int(11) NOT NULL,
  `sourceLocale` char(12) COLLATE utf8_unicode_ci DEFAULT NULL,
  `targetId` int(11) NOT NULL,
  `sortOrder` smallint(6) DEFAULT NULL,
  `dateCreated` datetime NOT NULL,
  `dateUpdated` datetime NOT NULL,
  `uid` char(36) COLLATE utf8_unicode_ci NOT NULL DEFAULT '0',
  PRIMARY KEY (`id`),
  UNIQUE KEY `craft_relations_fieldId_sourceId_sourceLocale_targetId_unq_idx` (`fieldId`,`sourceId`,`sourceLocale`,`targetId`),
  KEY `craft_relations_sourceId_fk` (`sourceId`),
  KEY `craft_relations_sourceLocale_fk` (`sourceLocale`),
  KEY `craft_relations_targetId_fk` (`targetId`)
) ENGINE=InnoDB DEFAULT CHARSET=utf8 COLLATE=utf8_unicode_ci;

DROP TABLE IF EXISTS `craft_routes`;


--
-- Schema for table `craft_routes`
--
CREATE TABLE `craft_routes` (
  `id` int(11) NOT NULL AUTO_INCREMENT,
  `locale` char(12) COLLATE utf8_unicode_ci DEFAULT NULL,
  `urlParts` varchar(255) COLLATE utf8_unicode_ci NOT NULL,
  `urlPattern` varchar(255) COLLATE utf8_unicode_ci NOT NULL,
  `template` varchar(255) COLLATE utf8_unicode_ci NOT NULL,
  `sortOrder` smallint(6) unsigned DEFAULT NULL,
  `dateCreated` datetime NOT NULL,
  `dateUpdated` datetime NOT NULL,
  `uid` char(36) COLLATE utf8_unicode_ci NOT NULL DEFAULT '0',
  PRIMARY KEY (`id`),
  UNIQUE KEY `craft_routes_urlPattern_unq_idx` (`urlPattern`),
  KEY `craft_routes_locale_idx` (`locale`)
) ENGINE=InnoDB DEFAULT CHARSET=utf8 COLLATE=utf8_unicode_ci;

DROP TABLE IF EXISTS `craft_searchindex`;


--
-- Schema for table `craft_searchindex`
--
CREATE TABLE `craft_searchindex` (
  `elementId` int(11) NOT NULL,
  `attribute` varchar(25) COLLATE utf8_unicode_ci NOT NULL,
  `fieldId` int(11) NOT NULL,
  `locale` char(12) COLLATE utf8_unicode_ci NOT NULL,
  `keywords` text COLLATE utf8_unicode_ci NOT NULL,
  PRIMARY KEY (`elementId`,`attribute`,`fieldId`,`locale`),
  FULLTEXT KEY `craft_searchindex_keywords_idx` (`keywords`)
) ENGINE=MyISAM DEFAULT CHARSET=utf8 COLLATE=utf8_unicode_ci;

--
-- Data for table `craft_searchindex`
--

INSERT INTO `craft_searchindex` (`elementId`, `attribute`, `fieldId`, `locale`, `keywords`) VALUES
 ('1', 'username', '0', 'en_us', ' karloestrada '),
 ('1', 'firstname', '0', 'en_us', ''),
 ('1', 'lastname', '0', 'en_us', ''),
 ('1', 'fullname', '0', 'en_us', ''),
 ('1', 'email', '0', 'en_us', ' karloestrada yahoo com '),
 ('1', 'slug', '0', 'en_us', ''),
 ('2', 'slug', '0', 'en_us', ' homepage '),
 ('2', 'title', '0', 'en_us', ' welcome to crafthub dev '),
 ('2', 'field', '1', 'en_us', ' it s true this site doesn t have a whole lot of content yet but don t worry our web developers have just installed the cms and they re setting things up for the content editors this very moment soon crafthub dev will be an oasis of fresh perspectives sharp analyses and astute opinions that will keep you coming back again and again '),
 ('3', 'field', '1', 'en_us', ' craft is the cms that s powering crafthub dev it s beautiful powerful flexible and easy to use and it s made by pixel tonic we can t wait to dive in and see what it s capable of this is even more captivating content which you couldn t see on the news index page because it was entered after a page break and the news index template only likes to show the content on the first page craft a nice alternative to word if you re making a website '),
 ('3', 'field', '2', 'en_us', ''),
 ('3', 'slug', '0', 'en_us', ' we just installed craft '),
 ('3', 'title', '0', 'en_us', ' we just installed craft '),
 ('4', 'slug', '0', 'en_us', ' charge payment '),
 ('4', 'title', '0', 'en_us', ' charge payment '),
 ('5', 'mode', '0', 'en_us', ' test '),
 ('5', 'status', '0', 'en_us', ' test '),
 ('5', 'amount', '0', 'en_us', ''),
 ('5', 'sourceurl', '0', 'en_us', ' charge checkout '),
 ('5', 'customeremail', '0', 'en_us', ' karloestrada gmail com '),
 ('5', 'type', '0', 'en_us', ' one off '),
 ('5', 'hash', '0', 'en_us', ' 1ac5ec6dda850828b1ddae35ea7fde37 '),
 ('5', 'meta', '0', 'en_us', ''),
 ('5', 'currency', '0', 'en_us', ''),
 ('5', 'slug', '0', 'en_us', ' 1ac5ec6dda850828b1ddae35ea7fde37 '),
 ('6', 'mode', '0', 'en_us', ' test '),
 ('6', 'chargeid', '0', 'en_us', ' 5 '),
 ('6', 'stripeid', '0', 'en_us', ' ch_19orq6h0ig4e7mypwcdr6plh '),
 ('6', 'customerid', '0', 'en_us', ' cus_a99j1y2md0ascv '),
 ('6', 'userid', '0', 'en_us', ' 1 '),
 ('6', 'amount', '0', 'en_us', ' 9999 '),
 ('6', 'slug', '0', 'en_us', ''),
 ('7', 'mode', '0', 'en_us', ' test '),
 ('7', 'status', '0', 'en_us', ' test '),
 ('7', 'amount', '0', 'en_us', ''),
 ('7', 'sourceurl', '0', 'en_us', ' charge checkout '),
 ('7', 'customeremail', '0', 'en_us', ' karloestrada gmail com '),
 ('7', 'type', '0', 'en_us', ' one off '),
 ('7', 'hash', '0', 'en_us', ' f5422ede1f0ab7b0c2818fcf4e941dab '),
 ('7', 'meta', '0', 'en_us', ''),
 ('7', 'currency', '0', 'en_us', ''),
 ('7', 'slug', '0', 'en_us', ' f5422ede1f0ab7b0c2818fcf4e941dab '),
 ('8', 'mode', '0', 'en_us', ' test '),
 ('8', 'chargeid', '0', 'en_us', ' 7 '),
 ('8', 'stripeid', '0', 'en_us', ' ch_19ortth0ig4e7myptgc6aq4b '),
 ('8', 'customerid', '0', 'en_us', ' cus_a99j1y2md0ascv '),
 ('8', 'userid', '0', 'en_us', ' 1 '),
 ('8', 'amount', '0', 'en_us', ' 9999 '),
 ('8', 'slug', '0', 'en_us', '');



DROP TABLE IF EXISTS `craft_sections`;


--
-- Schema for table `craft_sections`
--
CREATE TABLE `craft_sections` (
  `id` int(11) NOT NULL AUTO_INCREMENT,
  `structureId` int(11) DEFAULT NULL,
  `name` varchar(255) COLLATE utf8_unicode_ci NOT NULL,
  `handle` varchar(255) COLLATE utf8_unicode_ci NOT NULL,
  `type` enum('single','channel','structure') COLLATE utf8_unicode_ci NOT NULL DEFAULT 'channel',
  `hasUrls` tinyint(1) unsigned NOT NULL DEFAULT '1',
  `template` varchar(500) COLLATE utf8_unicode_ci DEFAULT NULL,
  `enableVersioning` tinyint(1) unsigned NOT NULL DEFAULT '0',
  `dateCreated` datetime NOT NULL,
  `dateUpdated` datetime NOT NULL,
  `uid` char(36) COLLATE utf8_unicode_ci NOT NULL DEFAULT '0',
  PRIMARY KEY (`id`),
  UNIQUE KEY `craft_sections_name_unq_idx` (`name`),
  UNIQUE KEY `craft_sections_handle_unq_idx` (`handle`),
  KEY `craft_sections_structureId_fk` (`structureId`)
) ENGINE=InnoDB AUTO_INCREMENT=4 DEFAULT CHARSET=utf8 COLLATE=utf8_unicode_ci;

--
-- Data for table `craft_sections`
--

INSERT INTO `craft_sections` (`id`, `structureId`, `name`, `handle`, `type`, `hasUrls`, `template`, `enableVersioning`, `dateCreated`, `dateUpdated`, `uid`) VALUES
 ('1', NULL, 'Homepage', 'homepage', 'single', '1', 'index', '1', '2017-02-19 06:50:01', '2017-02-19 06:50:01', 'ce0d745f-8de2-43a2-ac37-2cc32e1791e5'),
 ('2', NULL, 'News', 'news', 'channel', '1', 'news/_entry', '1', '2017-02-19 06:50:01', '2017-02-19 06:50:01', '3754351b-93af-4768-b292-652d2e97d880'),
 ('3', NULL, 'Charge Payment', 'chargePayment', 'single', '1', 'charge/index', '1', '2017-02-19 09:23:31', '2017-02-19 09:52:26', '087a3270-6c7b-4b7d-8c16-b0fb2fe6a83c');



DROP TABLE IF EXISTS `craft_sections_i18n`;


--
-- Schema for table `craft_sections_i18n`
--
CREATE TABLE `craft_sections_i18n` (
  `id` int(11) NOT NULL AUTO_INCREMENT,
  `sectionId` int(11) NOT NULL,
  `locale` char(12) COLLATE utf8_unicode_ci NOT NULL,
  `enabledByDefault` tinyint(1) unsigned NOT NULL DEFAULT '1',
  `urlFormat` text COLLATE utf8_unicode_ci,
  `nestedUrlFormat` text COLLATE utf8_unicode_ci,
  `dateCreated` datetime NOT NULL,
  `dateUpdated` datetime NOT NULL,
  `uid` char(36) COLLATE utf8_unicode_ci NOT NULL DEFAULT '0',
  PRIMARY KEY (`id`),
  UNIQUE KEY `craft_sections_i18n_sectionId_locale_unq_idx` (`sectionId`,`locale`),
  KEY `craft_sections_i18n_locale_fk` (`locale`)
) ENGINE=InnoDB AUTO_INCREMENT=4 DEFAULT CHARSET=utf8 COLLATE=utf8_unicode_ci;

--
-- Data for table `craft_sections_i18n`
--

INSERT INTO `craft_sections_i18n` (`id`, `sectionId`, `locale`, `enabledByDefault`, `urlFormat`, `nestedUrlFormat`, `dateCreated`, `dateUpdated`, `uid`) VALUES
 ('1', '1', 'en_us', '1', '__home__', NULL, '2017-02-19 06:50:01', '2017-02-19 06:50:01', '9c024eb1-fe0b-49c3-8fbb-4360ec60b460'),
 ('2', '2', 'en_us', '1', 'news/{postDate.year}/{slug}', NULL, '2017-02-19 06:50:01', '2017-02-19 06:50:01', 'fdea6fbf-fa59-4d48-b938-84e95df121ea'),
 ('3', '3', 'en_us', '1', 'charge', NULL, '2017-02-19 09:23:31', '2017-02-19 09:23:31', '32eb5d77-6ccd-4758-84c9-a5eaf29bf3f2');



DROP TABLE IF EXISTS `craft_sessions`;


--
-- Schema for table `craft_sessions`
--
CREATE TABLE `craft_sessions` (
  `id` int(11) NOT NULL AUTO_INCREMENT,
  `userId` int(11) NOT NULL,
  `token` char(100) COLLATE utf8_unicode_ci NOT NULL,
  `dateCreated` datetime NOT NULL,
  `dateUpdated` datetime NOT NULL,
  `uid` char(36) COLLATE utf8_unicode_ci NOT NULL DEFAULT '0',
  PRIMARY KEY (`id`),
  KEY `craft_sessions_uid_idx` (`uid`),
  KEY `craft_sessions_token_idx` (`token`),
  KEY `craft_sessions_dateUpdated_idx` (`dateUpdated`),
  KEY `craft_sessions_userId_fk` (`userId`)
) ENGINE=InnoDB AUTO_INCREMENT=2 DEFAULT CHARSET=utf8 COLLATE=utf8_unicode_ci;

DROP TABLE IF EXISTS `craft_shunnedmessages`;


--
-- Schema for table `craft_shunnedmessages`
--
CREATE TABLE `craft_shunnedmessages` (
  `id` int(11) NOT NULL AUTO_INCREMENT,
  `userId` int(11) NOT NULL,
  `message` varchar(255) COLLATE utf8_unicode_ci NOT NULL,
  `expiryDate` datetime DEFAULT NULL,
  `dateCreated` datetime NOT NULL,
  `dateUpdated` datetime NOT NULL,
  `uid` char(36) COLLATE utf8_unicode_ci NOT NULL DEFAULT '0',
  PRIMARY KEY (`id`),
  UNIQUE KEY `craft_shunnedmessages_userId_message_unq_idx` (`userId`,`message`)
) ENGINE=InnoDB DEFAULT CHARSET=utf8 COLLATE=utf8_unicode_ci;

DROP TABLE IF EXISTS `craft_structureelements`;


--
-- Schema for table `craft_structureelements`
--
CREATE TABLE `craft_structureelements` (
  `id` int(11) NOT NULL AUTO_INCREMENT,
  `structureId` int(11) NOT NULL,
  `elementId` int(11) DEFAULT NULL,
  `root` int(11) unsigned DEFAULT NULL,
  `lft` int(11) unsigned NOT NULL,
  `rgt` int(11) unsigned NOT NULL,
  `level` smallint(6) unsigned NOT NULL,
  `dateCreated` datetime NOT NULL,
  `dateUpdated` datetime NOT NULL,
  `uid` char(36) COLLATE utf8_unicode_ci NOT NULL DEFAULT '0',
  PRIMARY KEY (`id`),
  UNIQUE KEY `craft_structureelements_structureId_elementId_unq_idx` (`structureId`,`elementId`),
  KEY `craft_structureelements_root_idx` (`root`),
  KEY `craft_structureelements_lft_idx` (`lft`),
  KEY `craft_structureelements_rgt_idx` (`rgt`),
  KEY `craft_structureelements_level_idx` (`level`),
  KEY `craft_structureelements_elementId_fk` (`elementId`)
) ENGINE=InnoDB DEFAULT CHARSET=utf8 COLLATE=utf8_unicode_ci;

DROP TABLE IF EXISTS `craft_structures`;


--
-- Schema for table `craft_structures`
--
CREATE TABLE `craft_structures` (
  `id` int(11) NOT NULL AUTO_INCREMENT,
  `maxLevels` smallint(6) unsigned DEFAULT NULL,
  `dateCreated` datetime NOT NULL,
  `dateUpdated` datetime NOT NULL,
  `uid` char(36) COLLATE utf8_unicode_ci NOT NULL DEFAULT '0',
  PRIMARY KEY (`id`)
) ENGINE=InnoDB DEFAULT CHARSET=utf8 COLLATE=utf8_unicode_ci;

DROP TABLE IF EXISTS `craft_systemsettings`;


--
-- Schema for table `craft_systemsettings`
--
CREATE TABLE `craft_systemsettings` (
  `id` int(11) NOT NULL AUTO_INCREMENT,
  `category` varchar(15) COLLATE utf8_unicode_ci NOT NULL,
  `settings` text COLLATE utf8_unicode_ci,
  `dateCreated` datetime NOT NULL,
  `dateUpdated` datetime NOT NULL,
  `uid` char(36) COLLATE utf8_unicode_ci NOT NULL DEFAULT '0',
  PRIMARY KEY (`id`),
  UNIQUE KEY `craft_systemsettings_category_unq_idx` (`category`)
) ENGINE=InnoDB AUTO_INCREMENT=2 DEFAULT CHARSET=utf8 COLLATE=utf8_unicode_ci;

--
-- Data for table `craft_systemsettings`
--

INSERT INTO `craft_systemsettings` (`id`, `category`, `settings`, `dateCreated`, `dateUpdated`, `uid`) VALUES
 ('1', 'email', '{\"protocol\":\"php\",\"emailAddress\":\"karloestrada@yahoo.com\",\"senderName\":\"Crafthub\"}', '2017-02-19 06:50:01', '2017-02-19 06:50:01', 'ba98fcff-7cec-4dbf-b6a5-8ba5fdc961fa');



DROP TABLE IF EXISTS `craft_taggroups`;


--
-- Schema for table `craft_taggroups`
--
CREATE TABLE `craft_taggroups` (
  `id` int(11) NOT NULL AUTO_INCREMENT,
  `name` varchar(255) COLLATE utf8_unicode_ci NOT NULL,
  `handle` varchar(255) COLLATE utf8_unicode_ci NOT NULL,
  `fieldLayoutId` int(10) DEFAULT NULL,
  `dateCreated` datetime NOT NULL,
  `dateUpdated` datetime NOT NULL,
  `uid` char(36) COLLATE utf8_unicode_ci NOT NULL DEFAULT '0',
  PRIMARY KEY (`id`),
  UNIQUE KEY `craft_taggroups_name_unq_idx` (`name`),
  UNIQUE KEY `craft_taggroups_handle_unq_idx` (`handle`),
  KEY `craft_taggroups_fieldLayoutId_fk` (`fieldLayoutId`)
) ENGINE=InnoDB AUTO_INCREMENT=2 DEFAULT CHARSET=utf8 COLLATE=utf8_unicode_ci;

--
-- Data for table `craft_taggroups`
--

INSERT INTO `craft_taggroups` (`id`, `name`, `handle`, `fieldLayoutId`, `dateCreated`, `dateUpdated`, `uid`) VALUES
 ('1', 'Default', 'default', '1', '2017-02-19 06:50:01', '2017-02-19 06:50:01', 'def53e13-6cbf-4491-88ef-adb2529ca298');



DROP TABLE IF EXISTS `craft_tags`;


--
-- Schema for table `craft_tags`
--
CREATE TABLE `craft_tags` (
  `id` int(11) NOT NULL,
  `groupId` int(11) NOT NULL,
  `dateCreated` datetime NOT NULL,
  `dateUpdated` datetime NOT NULL,
  `uid` char(36) COLLATE utf8_unicode_ci NOT NULL DEFAULT '0',
  PRIMARY KEY (`id`),
  KEY `craft_tags_groupId_fk` (`groupId`)
) ENGINE=InnoDB DEFAULT CHARSET=utf8 COLLATE=utf8_unicode_ci;

DROP TABLE IF EXISTS `craft_tasks`;


--
-- Schema for table `craft_tasks`
--
CREATE TABLE `craft_tasks` (
  `id` int(11) NOT NULL AUTO_INCREMENT,
  `root` int(11) unsigned DEFAULT NULL,
  `lft` int(11) unsigned NOT NULL,
  `rgt` int(11) unsigned NOT NULL,
  `level` smallint(6) unsigned NOT NULL,
  `currentStep` int(11) unsigned DEFAULT NULL,
  `totalSteps` int(11) unsigned DEFAULT NULL,
  `status` enum('pending','error','running') COLLATE utf8_unicode_ci DEFAULT NULL,
  `type` varchar(150) COLLATE utf8_unicode_ci NOT NULL,
  `description` varchar(255) COLLATE utf8_unicode_ci DEFAULT NULL,
  `settings` mediumtext COLLATE utf8_unicode_ci,
  `dateCreated` datetime NOT NULL,
  `dateUpdated` datetime NOT NULL,
  `uid` char(36) COLLATE utf8_unicode_ci NOT NULL DEFAULT '0',
  PRIMARY KEY (`id`),
  KEY `craft_tasks_root_idx` (`root`),
  KEY `craft_tasks_lft_idx` (`lft`),
  KEY `craft_tasks_rgt_idx` (`rgt`),
  KEY `craft_tasks_level_idx` (`level`)
) ENGINE=InnoDB AUTO_INCREMENT=7 DEFAULT CHARSET=utf8 COLLATE=utf8_unicode_ci;

DROP TABLE IF EXISTS `craft_templatecachecriteria`;


--
-- Schema for table `craft_templatecachecriteria`
--
CREATE TABLE `craft_templatecachecriteria` (
  `id` int(11) NOT NULL AUTO_INCREMENT,
  `cacheId` int(11) NOT NULL,
  `type` varchar(150) COLLATE utf8_unicode_ci NOT NULL,
  `criteria` text COLLATE utf8_unicode_ci NOT NULL,
  PRIMARY KEY (`id`),
  KEY `craft_templatecachecriteria_cacheId_fk` (`cacheId`),
  KEY `craft_templatecachecriteria_type_idx` (`type`)
) ENGINE=InnoDB DEFAULT CHARSET=utf8 COLLATE=utf8_unicode_ci;

DROP TABLE IF EXISTS `craft_templatecacheelements`;


--
-- Schema for table `craft_templatecacheelements`
--
CREATE TABLE `craft_templatecacheelements` (
  `cacheId` int(11) NOT NULL,
  `elementId` int(11) NOT NULL,
  KEY `craft_templatecacheelements_cacheId_fk` (`cacheId`),
  KEY `craft_templatecacheelements_elementId_fk` (`elementId`)
) ENGINE=InnoDB DEFAULT CHARSET=utf8 COLLATE=utf8_unicode_ci;

DROP TABLE IF EXISTS `craft_templatecaches`;


--
-- Schema for table `craft_templatecaches`
--
CREATE TABLE `craft_templatecaches` (
  `id` int(11) NOT NULL AUTO_INCREMENT,
  `cacheKey` varchar(255) COLLATE utf8_unicode_ci NOT NULL,
  `locale` char(12) COLLATE utf8_unicode_ci NOT NULL,
  `path` varchar(255) COLLATE utf8_unicode_ci DEFAULT NULL,
  `expiryDate` datetime NOT NULL,
  `body` mediumtext COLLATE utf8_unicode_ci NOT NULL,
  PRIMARY KEY (`id`),
  KEY `craft_templatecaches_expiryDate_cacheKey_locale_path_idx` (`expiryDate`,`cacheKey`,`locale`,`path`),
  KEY `craft_templatecaches_locale_fk` (`locale`)
) ENGINE=InnoDB DEFAULT CHARSET=utf8 COLLATE=utf8_unicode_ci;

DROP TABLE IF EXISTS `craft_tokens`;


--
-- Schema for table `craft_tokens`
--
CREATE TABLE `craft_tokens` (
  `id` int(11) NOT NULL AUTO_INCREMENT,
  `token` char(32) COLLATE utf8_unicode_ci NOT NULL,
  `route` text COLLATE utf8_unicode_ci,
  `usageLimit` tinyint(3) unsigned DEFAULT NULL,
  `usageCount` tinyint(3) unsigned DEFAULT NULL,
  `expiryDate` datetime NOT NULL,
  `dateCreated` datetime NOT NULL,
  `dateUpdated` datetime NOT NULL,
  `uid` char(36) COLLATE utf8_unicode_ci NOT NULL DEFAULT '0',
  PRIMARY KEY (`id`),
  UNIQUE KEY `craft_tokens_token_unq_idx` (`token`),
  KEY `craft_tokens_expiryDate_idx` (`expiryDate`)
) ENGINE=InnoDB DEFAULT CHARSET=utf8 COLLATE=utf8_unicode_ci;

DROP TABLE IF EXISTS `craft_usergroups`;


--
-- Schema for table `craft_usergroups`
--
CREATE TABLE `craft_usergroups` (
  `id` int(11) NOT NULL AUTO_INCREMENT,
  `name` varchar(255) COLLATE utf8_unicode_ci NOT NULL,
  `handle` varchar(255) COLLATE utf8_unicode_ci NOT NULL,
  `dateCreated` datetime NOT NULL,
  `dateUpdated` datetime NOT NULL,
  `uid` char(36) COLLATE utf8_unicode_ci NOT NULL DEFAULT '0',
  PRIMARY KEY (`id`),
  UNIQUE KEY `craft_usergroups_name_unq_idx` (`name`),
  UNIQUE KEY `craft_usergroups_handle_unq_idx` (`handle`)
) ENGINE=InnoDB DEFAULT CHARSET=utf8 COLLATE=utf8_unicode_ci;

DROP TABLE IF EXISTS `craft_usergroups_users`;


--
-- Schema for table `craft_usergroups_users`
--
CREATE TABLE `craft_usergroups_users` (
  `id` int(11) NOT NULL AUTO_INCREMENT,
  `groupId` int(11) NOT NULL,
  `userId` int(11) NOT NULL,
  `dateCreated` datetime NOT NULL,
  `dateUpdated` datetime NOT NULL,
  `uid` char(36) COLLATE utf8_unicode_ci NOT NULL DEFAULT '0',
  PRIMARY KEY (`id`),
  UNIQUE KEY `craft_usergroups_users_groupId_userId_unq_idx` (`groupId`,`userId`),
  KEY `craft_usergroups_users_userId_fk` (`userId`)
) ENGINE=InnoDB DEFAULT CHARSET=utf8 COLLATE=utf8_unicode_ci;

DROP TABLE IF EXISTS `craft_userpermissions`;


--
-- Schema for table `craft_userpermissions`
--
CREATE TABLE `craft_userpermissions` (
  `id` int(11) NOT NULL AUTO_INCREMENT,
  `name` varchar(255) COLLATE utf8_unicode_ci NOT NULL,
  `dateCreated` datetime NOT NULL,
  `dateUpdated` datetime NOT NULL,
  `uid` char(36) COLLATE utf8_unicode_ci NOT NULL DEFAULT '0',
  PRIMARY KEY (`id`),
  UNIQUE KEY `craft_userpermissions_name_unq_idx` (`name`)
) ENGINE=InnoDB DEFAULT CHARSET=utf8 COLLATE=utf8_unicode_ci;

DROP TABLE IF EXISTS `craft_userpermissions_usergroups`;


--
-- Schema for table `craft_userpermissions_usergroups`
--
CREATE TABLE `craft_userpermissions_usergroups` (
  `id` int(11) NOT NULL AUTO_INCREMENT,
  `permissionId` int(11) NOT NULL,
  `groupId` int(11) NOT NULL,
  `dateCreated` datetime NOT NULL,
  `dateUpdated` datetime NOT NULL,
  `uid` char(36) COLLATE utf8_unicode_ci NOT NULL DEFAULT '0',
  PRIMARY KEY (`id`),
  UNIQUE KEY `craft_userpermissions_usergroups_permissionId_groupId_unq_idx` (`permissionId`,`groupId`),
  KEY `craft_userpermissions_usergroups_groupId_fk` (`groupId`)
) ENGINE=InnoDB DEFAULT CHARSET=utf8 COLLATE=utf8_unicode_ci;

DROP TABLE IF EXISTS `craft_userpermissions_users`;


--
-- Schema for table `craft_userpermissions_users`
--
CREATE TABLE `craft_userpermissions_users` (
  `id` int(11) NOT NULL AUTO_INCREMENT,
  `permissionId` int(11) NOT NULL,
  `userId` int(11) NOT NULL,
  `dateCreated` datetime NOT NULL,
  `dateUpdated` datetime NOT NULL,
  `uid` char(36) COLLATE utf8_unicode_ci NOT NULL DEFAULT '0',
  PRIMARY KEY (`id`),
  UNIQUE KEY `craft_userpermissions_users_permissionId_userId_unq_idx` (`permissionId`,`userId`),
  KEY `craft_userpermissions_users_userId_fk` (`userId`)
) ENGINE=InnoDB DEFAULT CHARSET=utf8 COLLATE=utf8_unicode_ci;

DROP TABLE IF EXISTS `craft_users`;


--
-- Schema for table `craft_users`
--
CREATE TABLE `craft_users` (
  `id` int(11) NOT NULL,
  `username` varchar(100) COLLATE utf8_unicode_ci NOT NULL,
  `photo` varchar(100) COLLATE utf8_unicode_ci DEFAULT NULL,
  `firstName` varchar(100) COLLATE utf8_unicode_ci DEFAULT NULL,
  `lastName` varchar(100) COLLATE utf8_unicode_ci DEFAULT NULL,
  `email` varchar(255) COLLATE utf8_unicode_ci NOT NULL,
  `password` char(255) COLLATE utf8_unicode_ci DEFAULT NULL,
  `preferredLocale` char(12) COLLATE utf8_unicode_ci DEFAULT NULL,
  `weekStartDay` tinyint(1) unsigned NOT NULL DEFAULT '0',
  `admin` tinyint(1) unsigned NOT NULL DEFAULT '0',
  `client` tinyint(1) unsigned NOT NULL DEFAULT '0',
  `locked` tinyint(1) unsigned NOT NULL DEFAULT '0',
  `suspended` tinyint(1) unsigned NOT NULL DEFAULT '0',
  `pending` tinyint(1) unsigned NOT NULL DEFAULT '0',
  `archived` tinyint(1) unsigned NOT NULL DEFAULT '0',
  `lastLoginDate` datetime DEFAULT NULL,
  `lastLoginAttemptIPAddress` varchar(45) COLLATE utf8_unicode_ci DEFAULT NULL,
  `invalidLoginWindowStart` datetime DEFAULT NULL,
  `invalidLoginCount` tinyint(4) unsigned DEFAULT NULL,
  `lastInvalidLoginDate` datetime DEFAULT NULL,
  `lockoutDate` datetime DEFAULT NULL,
  `verificationCode` char(100) COLLATE utf8_unicode_ci DEFAULT NULL,
  `verificationCodeIssuedDate` datetime DEFAULT NULL,
  `unverifiedEmail` varchar(255) COLLATE utf8_unicode_ci DEFAULT NULL,
  `passwordResetRequired` tinyint(1) unsigned NOT NULL DEFAULT '0',
  `lastPasswordChangeDate` datetime DEFAULT NULL,
  `dateCreated` datetime NOT NULL,
  `dateUpdated` datetime NOT NULL,
  `uid` char(36) COLLATE utf8_unicode_ci NOT NULL DEFAULT '0',
  PRIMARY KEY (`id`),
  UNIQUE KEY `craft_users_username_unq_idx` (`username`),
  UNIQUE KEY `craft_users_email_unq_idx` (`email`),
  KEY `craft_users_verificationCode_idx` (`verificationCode`),
  KEY `craft_users_uid_idx` (`uid`),
  KEY `craft_users_preferredLocale_fk` (`preferredLocale`)
) ENGINE=InnoDB DEFAULT CHARSET=utf8 COLLATE=utf8_unicode_ci;

--
-- Data for table `craft_users`
--

INSERT INTO `craft_users` (`id`, `username`, `photo`, `firstName`, `lastName`, `email`, `password`, `preferredLocale`, `weekStartDay`, `admin`, `client`, `locked`, `suspended`, `pending`, `archived`, `lastLoginDate`, `lastLoginAttemptIPAddress`, `invalidLoginWindowStart`, `invalidLoginCount`, `lastInvalidLoginDate`, `lockoutDate`, `verificationCode`, `verificationCodeIssuedDate`, `unverifiedEmail`, `passwordResetRequired`, `lastPasswordChangeDate`, `dateCreated`, `dateUpdated`, `uid`) VALUES
 ('1', 'karloestrada', NULL, NULL, NULL, 'karloestrada@yahoo.com', '$2y$13$ysh.BbPshLn/qGSDhRJ7aO4tkzWkCfcczI/NEJzNJtUAhN02unPQe', NULL, '0', '1', '0', '0', '0', '0', '0', '2017-02-19 06:50:01', '127.0.0.1', NULL, NULL, NULL, NULL, NULL, NULL, NULL, '0', '2017-02-19 06:49:58', '2017-02-19 06:49:58', '2017-02-19 06:50:01', 'b1908fc8-63f9-4ace-b767-8e760c872a0e');



DROP TABLE IF EXISTS `craft_widgets`;


--
-- Schema for table `craft_widgets`
--
CREATE TABLE `craft_widgets` (
  `id` int(11) NOT NULL AUTO_INCREMENT,
  `userId` int(11) NOT NULL,
  `type` varchar(150) COLLATE utf8_unicode_ci NOT NULL,
  `sortOrder` smallint(6) unsigned DEFAULT NULL,
  `colspan` tinyint(4) unsigned DEFAULT NULL,
  `settings` text COLLATE utf8_unicode_ci,
  `enabled` tinyint(1) unsigned NOT NULL DEFAULT '1',
  `dateCreated` datetime NOT NULL,
  `dateUpdated` datetime NOT NULL,
  `uid` char(36) COLLATE utf8_unicode_ci NOT NULL DEFAULT '0',
  PRIMARY KEY (`id`),
  KEY `craft_widgets_userId_fk` (`userId`)
) ENGINE=InnoDB AUTO_INCREMENT=5 DEFAULT CHARSET=utf8 COLLATE=utf8_unicode_ci;

--
-- Data for table `craft_widgets`
--

INSERT INTO `craft_widgets` (`id`, `userId`, `type`, `sortOrder`, `colspan`, `settings`, `enabled`, `dateCreated`, `dateUpdated`, `uid`) VALUES
 ('1', '1', 'RecentEntries', '1', NULL, NULL, '1', '2017-02-19 06:50:03', '2017-02-19 06:50:03', '728c1d82-7b9e-4998-9809-d8b37345d94d'),
 ('2', '1', 'GetHelp', '2', NULL, NULL, '1', '2017-02-19 06:50:03', '2017-02-19 06:50:03', 'c6f6c1ee-2536-4a0c-b1c9-4ab10bc828f6'),
 ('3', '1', 'Updates', '3', NULL, NULL, '1', '2017-02-19 06:50:03', '2017-02-19 06:50:03', 'ccc63c2f-cf62-47ae-a1db-ce481d13b9ad'),
 ('4', '1', 'Feed', '4', NULL, '{\"url\":\"https:\\/\\/craftcms.com\\/news.rss\",\"title\":\"Craft News\"}', '1', '2017-02-19 06:50:03', '2017-02-19 06:50:03', '408ce1f7-934c-4d54-8e4f-3bf9be39a200');


--
-- Constraints for tables
--


--
-- Constraints for table `craft_assetfiles`
--
ALTER TABLE `craft_assetfiles`
	ADD CONSTRAINT `craft_assetfiles_folderId_fk` FOREIGN KEY (`folderId`) REFERENCES `craft_assetfolders` (`id`) ON DELETE CASCADE,
	ADD CONSTRAINT `craft_assetfiles_id_fk` FOREIGN KEY (`id`) REFERENCES `craft_elements` (`id`) ON DELETE CASCADE,
	ADD CONSTRAINT `craft_assetfiles_sourceId_fk` FOREIGN KEY (`sourceId`) REFERENCES `craft_assetsources` (`id`) ON DELETE CASCADE;

--
-- Constraints for table `craft_assetfolders`
--
ALTER TABLE `craft_assetfolders`
	ADD CONSTRAINT `craft_assetfolders_parentId_fk` FOREIGN KEY (`parentId`) REFERENCES `craft_assetfolders` (`id`) ON DELETE CASCADE,
	ADD CONSTRAINT `craft_assetfolders_sourceId_fk` FOREIGN KEY (`sourceId`) REFERENCES `craft_assetsources` (`id`) ON DELETE CASCADE;

--
-- Constraints for table `craft_assetindexdata`
--
ALTER TABLE `craft_assetindexdata`
	ADD CONSTRAINT `craft_assetindexdata_sourceId_fk` FOREIGN KEY (`sourceId`) REFERENCES `craft_assetsources` (`id`) ON DELETE CASCADE;

--
-- Constraints for table `craft_assetsources`
--
ALTER TABLE `craft_assetsources`
	ADD CONSTRAINT `craft_assetsources_fieldLayoutId_fk` FOREIGN KEY (`fieldLayoutId`) REFERENCES `craft_fieldlayouts` (`id`) ON DELETE SET NULL;

--
-- Constraints for table `craft_categories`
--
ALTER TABLE `craft_categories`
	ADD CONSTRAINT `craft_categories_groupId_fk` FOREIGN KEY (`groupId`) REFERENCES `craft_categorygroups` (`id`) ON DELETE CASCADE,
	ADD CONSTRAINT `craft_categories_id_fk` FOREIGN KEY (`id`) REFERENCES `craft_elements` (`id`) ON DELETE CASCADE;

--
-- Constraints for table `craft_categorygroups`
--
ALTER TABLE `craft_categorygroups`
	ADD CONSTRAINT `craft_categorygroups_fieldLayoutId_fk` FOREIGN KEY (`fieldLayoutId`) REFERENCES `craft_fieldlayouts` (`id`) ON DELETE SET NULL,
	ADD CONSTRAINT `craft_categorygroups_structureId_fk` FOREIGN KEY (`structureId`) REFERENCES `craft_structures` (`id`) ON DELETE CASCADE;

--
-- Constraints for table `craft_categorygroups_i18n`
--
ALTER TABLE `craft_categorygroups_i18n`
	ADD CONSTRAINT `craft_categorygroups_i18n_groupId_fk` FOREIGN KEY (`groupId`) REFERENCES `craft_categorygroups` (`id`) ON DELETE CASCADE,
	ADD CONSTRAINT `craft_categorygroups_i18n_locale_fk` FOREIGN KEY (`locale`) REFERENCES `craft_locales` (`locale`) ON DELETE CASCADE ON UPDATE CASCADE;

--
-- Constraints for table `craft_charge_membershipsubscription_emails`
--
ALTER TABLE `craft_charge_membershipsubscription_emails`
	ADD CONSTRAINT `craft_charg_membershipsubscripti_email_membershipSubscription_fk` FOREIGN KEY (`membershipSubscriptionId`) REFERENCES `craft_charge_membershipsubscriptions` (`id`) ON DELETE CASCADE ON UPDATE CASCADE,
	ADD CONSTRAINT `craft_charge_membershipsubscription_emails_emailId_fk` FOREIGN KEY (`emailId`) REFERENCES `craft_charge_emails` (`id`) ON DELETE CASCADE ON UPDATE CASCADE;

--
-- Constraints for table `craft_charge_payments`
--
ALTER TABLE `craft_charge_payments`
	ADD CONSTRAINT `craft_charge_payments_chargeId_fk` FOREIGN KEY (`chargeId`) REFERENCES `craft_charges` (`id`) ON DELETE CASCADE,
	ADD CONSTRAINT `craft_charge_payments_id_fk` FOREIGN KEY (`id`) REFERENCES `craft_elements` (`id`) ON DELETE CASCADE,
	ADD CONSTRAINT `craft_charge_payments_userId_fk` FOREIGN KEY (`userId`) REFERENCES `craft_users` (`id`) ON DELETE SET NULL;

--
-- Constraints for table `craft_charge_subscriber`
--
ALTER TABLE `craft_charge_subscriber`
	ADD CONSTRAINT `craft_charge_subscriber_chargeId_fk` FOREIGN KEY (`chargeId`) REFERENCES `craft_charges` (`id`) ON DELETE CASCADE ON UPDATE CASCADE,
	ADD CONSTRAINT `craft_charge_subscriber_id_fk` FOREIGN KEY (`id`) REFERENCES `craft_elements` (`id`) ON DELETE CASCADE,
	ADD CONSTRAINT `craft_charge_subscriber_membershipSubscriptionId_fk` FOREIGN KEY (`membershipSubscriptionId`) REFERENCES `craft_charge_membershipsubscriptions` (`id`) ON DELETE CASCADE ON UPDATE CASCADE,
	ADD CONSTRAINT `craft_charge_subscriber_userId_fk` FOREIGN KEY (`userId`) REFERENCES `craft_users` (`id`) ON DELETE CASCADE ON UPDATE CASCADE;

--
-- Constraints for table `craft_charge_subscriptions`
--
ALTER TABLE `craft_charge_subscriptions`
	ADD CONSTRAINT `craft_charge_subscriptions_chargeId_fk` FOREIGN KEY (`chargeId`) REFERENCES `craft_charges` (`id`) ON DELETE CASCADE,
	ADD CONSTRAINT `craft_charge_subscriptions_userId_fk` FOREIGN KEY (`userId`) REFERENCES `craft_users` (`id`) ON DELETE SET NULL;

--
-- Constraints for table `craft_charges`
--
ALTER TABLE `craft_charges`
	ADD CONSTRAINT `craft_charges_id_fk` FOREIGN KEY (`id`) REFERENCES `craft_elements` (`id`) ON DELETE CASCADE,
	ADD CONSTRAINT `craft_charges_userId_fk` FOREIGN KEY (`userId`) REFERENCES `craft_users` (`id`) ON DELETE SET NULL;

--
-- Constraints for table `craft_content`
--
ALTER TABLE `craft_content`
	ADD CONSTRAINT `craft_content_elementId_fk` FOREIGN KEY (`elementId`) REFERENCES `craft_elements` (`id`) ON DELETE CASCADE,
	ADD CONSTRAINT `craft_content_locale_fk` FOREIGN KEY (`locale`) REFERENCES `craft_locales` (`locale`) ON DELETE CASCADE ON UPDATE CASCADE;

--
-- Constraints for table `craft_elements_i18n`
--
ALTER TABLE `craft_elements_i18n`
	ADD CONSTRAINT `craft_elements_i18n_elementId_fk` FOREIGN KEY (`elementId`) REFERENCES `craft_elements` (`id`) ON DELETE CASCADE,
	ADD CONSTRAINT `craft_elements_i18n_locale_fk` FOREIGN KEY (`locale`) REFERENCES `craft_locales` (`locale`) ON DELETE CASCADE ON UPDATE CASCADE;

--
-- Constraints for table `craft_emailmessages`
--
ALTER TABLE `craft_emailmessages`
	ADD CONSTRAINT `craft_emailmessages_locale_fk` FOREIGN KEY (`locale`) REFERENCES `craft_locales` (`locale`) ON DELETE CASCADE ON UPDATE CASCADE;

--
-- Constraints for table `craft_entries`
--
ALTER TABLE `craft_entries`
	ADD CONSTRAINT `craft_entries_authorId_fk` FOREIGN KEY (`authorId`) REFERENCES `craft_users` (`id`) ON DELETE CASCADE,
	ADD CONSTRAINT `craft_entries_id_fk` FOREIGN KEY (`id`) REFERENCES `craft_elements` (`id`) ON DELETE CASCADE,
	ADD CONSTRAINT `craft_entries_sectionId_fk` FOREIGN KEY (`sectionId`) REFERENCES `craft_sections` (`id`) ON DELETE CASCADE,
	ADD CONSTRAINT `craft_entries_typeId_fk` FOREIGN KEY (`typeId`) REFERENCES `craft_entrytypes` (`id`) ON DELETE CASCADE;

--
-- Constraints for table `craft_entrydrafts`
--
ALTER TABLE `craft_entrydrafts`
	ADD CONSTRAINT `craft_entrydrafts_creatorId_fk` FOREIGN KEY (`creatorId`) REFERENCES `craft_users` (`id`) ON DELETE CASCADE,
	ADD CONSTRAINT `craft_entrydrafts_entryId_fk` FOREIGN KEY (`entryId`) REFERENCES `craft_entries` (`id`) ON DELETE CASCADE,
	ADD CONSTRAINT `craft_entrydrafts_locale_fk` FOREIGN KEY (`locale`) REFERENCES `craft_locales` (`locale`) ON DELETE CASCADE ON UPDATE CASCADE,
	ADD CONSTRAINT `craft_entrydrafts_sectionId_fk` FOREIGN KEY (`sectionId`) REFERENCES `craft_sections` (`id`) ON DELETE CASCADE;

--
-- Constraints for table `craft_entrytypes`
--
ALTER TABLE `craft_entrytypes`
	ADD CONSTRAINT `craft_entrytypes_fieldLayoutId_fk` FOREIGN KEY (`fieldLayoutId`) REFERENCES `craft_fieldlayouts` (`id`) ON DELETE SET NULL,
	ADD CONSTRAINT `craft_entrytypes_sectionId_fk` FOREIGN KEY (`sectionId`) REFERENCES `craft_sections` (`id`) ON DELETE CASCADE;

--
-- Constraints for table `craft_entryversions`
--
ALTER TABLE `craft_entryversions`
	ADD CONSTRAINT `craft_entryversions_creatorId_fk` FOREIGN KEY (`creatorId`) REFERENCES `craft_users` (`id`) ON DELETE SET NULL,
	ADD CONSTRAINT `craft_entryversions_entryId_fk` FOREIGN KEY (`entryId`) REFERENCES `craft_entries` (`id`) ON DELETE CASCADE,
	ADD CONSTRAINT `craft_entryversions_locale_fk` FOREIGN KEY (`locale`) REFERENCES `craft_locales` (`locale`) ON DELETE CASCADE ON UPDATE CASCADE,
	ADD CONSTRAINT `craft_entryversions_sectionId_fk` FOREIGN KEY (`sectionId`) REFERENCES `craft_sections` (`id`) ON DELETE CASCADE;

--
-- Constraints for table `craft_fieldlayoutfields`
--
ALTER TABLE `craft_fieldlayoutfields`
	ADD CONSTRAINT `craft_fieldlayoutfields_fieldId_fk` FOREIGN KEY (`fieldId`) REFERENCES `craft_fields` (`id`) ON DELETE CASCADE,
	ADD CONSTRAINT `craft_fieldlayoutfields_layoutId_fk` FOREIGN KEY (`layoutId`) REFERENCES `craft_fieldlayouts` (`id`) ON DELETE CASCADE,
	ADD CONSTRAINT `craft_fieldlayoutfields_tabId_fk` FOREIGN KEY (`tabId`) REFERENCES `craft_fieldlayouttabs` (`id`) ON DELETE CASCADE;

--
-- Constraints for table `craft_fieldlayouttabs`
--
ALTER TABLE `craft_fieldlayouttabs`
	ADD CONSTRAINT `craft_fieldlayouttabs_layoutId_fk` FOREIGN KEY (`layoutId`) REFERENCES `craft_fieldlayouts` (`id`) ON DELETE CASCADE;

--
-- Constraints for table `craft_fields`
--
ALTER TABLE `craft_fields`
	ADD CONSTRAINT `craft_fields_groupId_fk` FOREIGN KEY (`groupId`) REFERENCES `craft_fieldgroups` (`id`) ON DELETE CASCADE;

--
-- Constraints for table `craft_globalsets`
--
ALTER TABLE `craft_globalsets`
	ADD CONSTRAINT `craft_globalsets_fieldLayoutId_fk` FOREIGN KEY (`fieldLayoutId`) REFERENCES `craft_fieldlayouts` (`id`) ON DELETE SET NULL,
	ADD CONSTRAINT `craft_globalsets_id_fk` FOREIGN KEY (`id`) REFERENCES `craft_elements` (`id`) ON DELETE CASCADE;

--
-- Constraints for table `craft_matrixblocks`
--
ALTER TABLE `craft_matrixblocks`
	ADD CONSTRAINT `craft_matrixblocks_fieldId_fk` FOREIGN KEY (`fieldId`) REFERENCES `craft_fields` (`id`) ON DELETE CASCADE,
	ADD CONSTRAINT `craft_matrixblocks_id_fk` FOREIGN KEY (`id`) REFERENCES `craft_elements` (`id`) ON DELETE CASCADE,
	ADD CONSTRAINT `craft_matrixblocks_ownerId_fk` FOREIGN KEY (`ownerId`) REFERENCES `craft_elements` (`id`) ON DELETE CASCADE,
	ADD CONSTRAINT `craft_matrixblocks_ownerLocale_fk` FOREIGN KEY (`ownerLocale`) REFERENCES `craft_locales` (`locale`) ON DELETE CASCADE ON UPDATE CASCADE,
	ADD CONSTRAINT `craft_matrixblocks_typeId_fk` FOREIGN KEY (`typeId`) REFERENCES `craft_matrixblocktypes` (`id`) ON DELETE CASCADE;

--
-- Constraints for table `craft_matrixblocktypes`
--
ALTER TABLE `craft_matrixblocktypes`
	ADD CONSTRAINT `craft_matrixblocktypes_fieldId_fk` FOREIGN KEY (`fieldId`) REFERENCES `craft_fields` (`id`) ON DELETE CASCADE,
	ADD CONSTRAINT `craft_matrixblocktypes_fieldLayoutId_fk` FOREIGN KEY (`fieldLayoutId`) REFERENCES `craft_fieldlayouts` (`id`) ON DELETE SET NULL;

--
-- Constraints for table `craft_migrations`
--
ALTER TABLE `craft_migrations`
	ADD CONSTRAINT `craft_migrations_pluginId_fk` FOREIGN KEY (`pluginId`) REFERENCES `craft_plugins` (`id`) ON DELETE CASCADE;

--
-- Constraints for table `craft_relations`
--
ALTER TABLE `craft_relations`
	ADD CONSTRAINT `craft_relations_fieldId_fk` FOREIGN KEY (`fieldId`) REFERENCES `craft_fields` (`id`) ON DELETE CASCADE,
	ADD CONSTRAINT `craft_relations_sourceId_fk` FOREIGN KEY (`sourceId`) REFERENCES `craft_elements` (`id`) ON DELETE CASCADE,
	ADD CONSTRAINT `craft_relations_sourceLocale_fk` FOREIGN KEY (`sourceLocale`) REFERENCES `craft_locales` (`locale`) ON DELETE CASCADE ON UPDATE CASCADE,
	ADD CONSTRAINT `craft_relations_targetId_fk` FOREIGN KEY (`targetId`) REFERENCES `craft_elements` (`id`) ON DELETE CASCADE;

--
-- Constraints for table `craft_routes`
--
ALTER TABLE `craft_routes`
	ADD CONSTRAINT `craft_routes_locale_fk` FOREIGN KEY (`locale`) REFERENCES `craft_locales` (`locale`) ON DELETE CASCADE ON UPDATE CASCADE;

--
-- Constraints for table `craft_sections`
--
ALTER TABLE `craft_sections`
	ADD CONSTRAINT `craft_sections_structureId_fk` FOREIGN KEY (`structureId`) REFERENCES `craft_structures` (`id`) ON DELETE SET NULL;

--
-- Constraints for table `craft_sections_i18n`
--
ALTER TABLE `craft_sections_i18n`
	ADD CONSTRAINT `craft_sections_i18n_locale_fk` FOREIGN KEY (`locale`) REFERENCES `craft_locales` (`locale`) ON DELETE CASCADE ON UPDATE CASCADE,
	ADD CONSTRAINT `craft_sections_i18n_sectionId_fk` FOREIGN KEY (`sectionId`) REFERENCES `craft_sections` (`id`) ON DELETE CASCADE;

--
-- Constraints for table `craft_sessions`
--
ALTER TABLE `craft_sessions`
	ADD CONSTRAINT `craft_sessions_userId_fk` FOREIGN KEY (`userId`) REFERENCES `craft_users` (`id`) ON DELETE CASCADE;

--
-- Constraints for table `craft_shunnedmessages`
--
ALTER TABLE `craft_shunnedmessages`
	ADD CONSTRAINT `craft_shunnedmessages_userId_fk` FOREIGN KEY (`userId`) REFERENCES `craft_users` (`id`) ON DELETE CASCADE;

--
-- Constraints for table `craft_structureelements`
--
ALTER TABLE `craft_structureelements`
	ADD CONSTRAINT `craft_structureelements_elementId_fk` FOREIGN KEY (`elementId`) REFERENCES `craft_elements` (`id`) ON DELETE CASCADE,
	ADD CONSTRAINT `craft_structureelements_structureId_fk` FOREIGN KEY (`structureId`) REFERENCES `craft_structures` (`id`) ON DELETE CASCADE;

--
-- Constraints for table `craft_taggroups`
--
ALTER TABLE `craft_taggroups`
	ADD CONSTRAINT `craft_taggroups_fieldLayoutId_fk` FOREIGN KEY (`fieldLayoutId`) REFERENCES `craft_fieldlayouts` (`id`) ON DELETE SET NULL;

--
-- Constraints for table `craft_tags`
--
ALTER TABLE `craft_tags`
	ADD CONSTRAINT `craft_tags_groupId_fk` FOREIGN KEY (`groupId`) REFERENCES `craft_taggroups` (`id`) ON DELETE CASCADE,
	ADD CONSTRAINT `craft_tags_id_fk` FOREIGN KEY (`id`) REFERENCES `craft_elements` (`id`) ON DELETE CASCADE;

--
-- Constraints for table `craft_templatecachecriteria`
--
ALTER TABLE `craft_templatecachecriteria`
	ADD CONSTRAINT `craft_templatecachecriteria_cacheId_fk` FOREIGN KEY (`cacheId`) REFERENCES `craft_templatecaches` (`id`) ON DELETE CASCADE;

--
-- Constraints for table `craft_templatecacheelements`
--
ALTER TABLE `craft_templatecacheelements`
	ADD CONSTRAINT `craft_templatecacheelements_cacheId_fk` FOREIGN KEY (`cacheId`) REFERENCES `craft_templatecaches` (`id`) ON DELETE CASCADE,
	ADD CONSTRAINT `craft_templatecacheelements_elementId_fk` FOREIGN KEY (`elementId`) REFERENCES `craft_elements` (`id`) ON DELETE CASCADE;

--
-- Constraints for table `craft_templatecaches`
--
ALTER TABLE `craft_templatecaches`
	ADD CONSTRAINT `craft_templatecaches_locale_fk` FOREIGN KEY (`locale`) REFERENCES `craft_locales` (`locale`) ON DELETE CASCADE ON UPDATE CASCADE;

--
-- Constraints for table `craft_usergroups_users`
--
ALTER TABLE `craft_usergroups_users`
	ADD CONSTRAINT `craft_usergroups_users_groupId_fk` FOREIGN KEY (`groupId`) REFERENCES `craft_usergroups` (`id`) ON DELETE CASCADE,
	ADD CONSTRAINT `craft_usergroups_users_userId_fk` FOREIGN KEY (`userId`) REFERENCES `craft_users` (`id`) ON DELETE CASCADE;

--
-- Constraints for table `craft_userpermissions_usergroups`
--
ALTER TABLE `craft_userpermissions_usergroups`
	ADD CONSTRAINT `craft_userpermissions_usergroups_groupId_fk` FOREIGN KEY (`groupId`) REFERENCES `craft_usergroups` (`id`) ON DELETE CASCADE,
	ADD CONSTRAINT `craft_userpermissions_usergroups_permissionId_fk` FOREIGN KEY (`permissionId`) REFERENCES `craft_userpermissions` (`id`) ON DELETE CASCADE;

--
-- Constraints for table `craft_userpermissions_users`
--
ALTER TABLE `craft_userpermissions_users`
	ADD CONSTRAINT `craft_userpermissions_users_permissionId_fk` FOREIGN KEY (`permissionId`) REFERENCES `craft_userpermissions` (`id`) ON DELETE CASCADE,
	ADD CONSTRAINT `craft_userpermissions_users_userId_fk` FOREIGN KEY (`userId`) REFERENCES `craft_users` (`id`) ON DELETE CASCADE;

--
-- Constraints for table `craft_users`
--
ALTER TABLE `craft_users`
	ADD CONSTRAINT `craft_users_id_fk` FOREIGN KEY (`id`) REFERENCES `craft_elements` (`id`) ON DELETE CASCADE,
	ADD CONSTRAINT `craft_users_preferredLocale_fk` FOREIGN KEY (`preferredLocale`) REFERENCES `craft_locales` (`locale`) ON DELETE SET NULL ON UPDATE CASCADE;

--
-- Constraints for table `craft_widgets`
--
ALTER TABLE `craft_widgets`
	ADD CONSTRAINT `craft_widgets_userId_fk` FOREIGN KEY (`userId`) REFERENCES `craft_users` (`id`) ON DELETE CASCADE;

SET FOREIGN_KEY_CHECKS = 1;
